,Repository,owner,name_with_owner,url,homepage_url,description,stars,forks,disk_usage,is_fork,is_mirror,is_private,is_archived,is_template,has_issues_enabled,has_projects_enabled,has_wiki_enabled,merge_commit_allowed,rebase_merge_allowed,squash_merge_allowed,created_at,updated_at,pushed_at,license-file-exists,readme-file-exists,contributing-file-exists,code-of-conduct-file-exists,changelog-file-exists,security-file-exists,support-file-exists,readme-references-license,binaries-not-present,test-directory-exists,integrates-with-ci,code-of-conduct-file-contains-email,source-license-headers-exist,github-issue-template-exists,github-pull-request-template-exists,PackageCount,ProjectCount,ReleaseCount,SubmoduleCount,DeployKeyCount,TopicCount,License,CodeOfConduct,Days Open,Issue Count,PR Count,Commit Count,Branch Protection Rule Count,Avg. Issue Count Per Day,Avg. PR Count Per Day,Avg. Commit Count Per Day,Default Branch Name,Languages,Fork PullRequest Count,Review Count
0,openshift-workshop,BCDevOps,BCDevOps/openshift-workshop,https://github.com/BCDevOps/openshift-workshop,,Config files exported from the Feb. 2016  RedHat OpenShift workshop,0,0,11,False,False,False,False,False,True,True,True,True,True,True,2016-02-04T22:46:45Z,2016-02-04T22:46:45Z,2016-02-05T18:06:26Z,True,True,False,False,False,False,False,True,True,False,False,True,False,False,False,0,0,0,0,0,0,Apache License 2.0,,1910,30,0,5,0,0.02,0.0,0.0,master,,0,0
1,gigles,BCDevOps,BCDevOps/gigles,https://github.com/BCDevOps/gigles,,ping-pong,0,0,7,False,False,False,False,False,True,True,True,True,True,True,2016-02-05T05:01:56Z,2020-07-30T12:32:42Z,2019-11-01T13:18:55Z,True,True,False,False,False,False,False,False,True,False,False,True,False,False,False,0,0,0,0,0,0,Apache License 2.0,,1909,0,2,9,0,0.0,0.0,0.0,master,JavaScript,0,0
2,templates,BCDevOps,BCDevOps/templates,https://github.com/BCDevOps/templates,,Custom OpenShift application templates,1,1,18,False,False,False,False,False,True,True,True,True,True,True,2016-02-19T21:29:33Z,2017-05-29T14:05:39Z,2016-03-15T22:34:14Z,True,True,False,False,False,False,False,False,True,False,False,True,False,False,False,0,0,0,0,0,0,Apache License 2.0,,1895,0,0,20,0,0.0,0.0,0.01,master,,0,0
3,openshift-components,BCDevOps,BCDevOps/openshift-components,https://github.com/BCDevOps/openshift-components,, A trove of apps/components/stuff/things that are usable by anyone running OpenShift - in particular BC Gov teams 'doing' Agile/DevOps.,4,24,2035,False,False,False,False,False,True,True,True,True,True,True,2016-02-23T20:04:46Z,2021-01-15T17:23:24Z,2021-04-29T22:24:41Z,True,True,False,False,False,False,False,True,True,False,False,True,False,False,False,0,0,0,0,0,9,Apache License 2.0,,1891,18,40,374,0,0.01,0.02,0.2,master,Python_Groovy_Dockerfile_Shell,0,5
4,issues-and-solutions,BCDevOps,BCDevOps/issues-and-solutions,https://github.com/BCDevOps/issues-and-solutions,,,6,0,1668,False,False,False,False,False,True,True,True,True,True,True,2016-03-02T00:05:18Z,2020-09-21T12:48:43Z,2016-11-16T23:00:57Z,True,True,False,False,False,False,False,False,True,False,False,True,False,False,False,0,0,0,0,0,0,Creative Commons Zero v1.0 Universal,,1883,18,0,5,0,0.01,0.0,0.0,master,,0,0
5,meta-guide-docker,BCDevOps,BCDevOps/meta-guide-docker,https://github.com/BCDevOps/meta-guide-docker,,,0,0,5,False,False,False,False,False,True,True,True,True,True,True,2016-03-03T20:20:50Z,2016-03-03T20:20:50Z,2016-03-10T20:12:00Z,True,True,False,False,False,False,False,False,True,False,False,True,False,False,False,0,0,0,0,0,0,Apache License 2.0,,1882,0,0,2,0,0.0,0.0,0.0,master,,0,0
6,openopps-platform,BCDevOps,BCDevOps/openopps-platform,https://github.com/BCDevOps/openopps-platform,https://pages.18f.gov/openopps-platform/,Open Opportunities open source platform,0,0,22854,True,False,False,True,False,False,True,True,True,True,True,2016-04-16T20:56:19Z,2019-02-11T21:53:27Z,2019-02-05T06:49:30Z,True,True,True,False,False,False,False,True,True,True,True,True,False,False,False,0,0,0,0,0,0,Other,,1838,0,2,2942,0,0.0,0.0,1.6,dev,JavaScript_HTML_CSS_PLpgSQL,0,0
7,illr,BCDevOps,BCDevOps/illr,https://github.com/BCDevOps/illr,,liquor on the way home,0,4,251,False,False,False,False,False,True,True,True,True,True,True,2016-06-02T17:14:46Z,2016-06-02T17:25:35Z,2016-06-02T23:14:18Z,True,True,False,False,False,False,False,False,True,False,False,True,False,False,False,0,0,0,0,0,0,Apache License 2.0,,1791,1,0,68,0,0.0,0.0,0.04,master,Python_HTML,0,0
8,shiftbot,BCDevOps,BCDevOps/shiftbot,https://github.com/BCDevOps/shiftbot,,A hubot for automating useful things related to OpenShift.,0,0,16,False,False,False,False,False,True,True,True,True,True,True,2016-07-15T04:07:14Z,2016-07-15T04:13:23Z,2016-07-15T04:13:22Z,True,True,False,False,False,False,False,False,True,False,False,True,False,False,False,0,0,0,0,0,0,Apache License 2.0,,1748,3,0,4,0,0.0,0.0,0.0,master,CoffeeScript_Batchfile_Shell,0,0
9,openshift-tools,BCDevOps,BCDevOps/openshift-tools,https://github.com/BCDevOps/openshift-tools,,,15,17,2628,False,False,False,False,False,True,True,True,True,True,True,2016-09-12T20:18:20Z,2020-10-09T18:00:57Z,2021-03-31T11:56:07Z,True,True,False,False,False,False,False,False,True,True,False,True,False,False,False,0,0,0,0,0,0,Apache License 2.0,,1689,26,91,559,0,0.02,0.05,0.33,master,Python_Shell_JavaScript_Dockerfile_Go_PHP_Ruby_TypeScript_HTML_CSS,0,33
10,openshift-jee-sample,BCDevOps,BCDevOps/openshift-jee-sample,https://github.com/BCDevOps/openshift-jee-sample,,A sample app to be deployed on openshift environments,0,0,41,True,False,False,False,False,False,True,True,True,True,True,2016-09-29T22:40:05Z,2016-09-29T22:40:06Z,2016-08-02T20:17:51Z,False,True,False,False,False,False,False,False,True,False,False,True,False,False,False,0,0,0,0,0,0,,,1672,0,0,6,0,0.0,0.0,0.0,master,HTML_Java_Shell,0,0
11,jee-wildfly-test,BCDevOps,BCDevOps/jee-wildfly-test,https://github.com/BCDevOps/jee-wildfly-test,,Experiments with Wildfly,0,0,55223,False,False,False,False,False,True,True,True,True,True,True,2016-09-29T23:10:23Z,2016-10-05T20:34:02Z,2016-10-05T21:42:52Z,True,True,False,False,False,False,False,False,True,False,False,True,False,False,False,0,0,0,0,0,0,Apache License 2.0,,1672,0,0,10,0,0.0,0.0,0.01,master,Shell,0,0
12,s2i-nginx,BCDevOps,BCDevOps/s2i-nginx,https://github.com/BCDevOps/s2i-nginx,,S2I source code for making a builder image for nginx on OpenShift,0,6,82,True,False,False,False,False,True,True,True,True,True,True,2016-09-30T17:03:00Z,2018-12-06T04:07:10Z,2020-05-15T18:54:54Z,True,True,False,False,False,False,False,False,True,True,True,True,False,False,False,0,0,1,0,0,0,Apache License 2.0,,1671,0,8,103,0,0.0,0.0,0.06,master,Shell_Groovy_Dockerfile_HTML_Makefile,0,2
13,s2i-nginx-example,BCDevOps,BCDevOps/s2i-nginx-example,https://github.com/BCDevOps/s2i-nginx-example,,Example repo of what's needed for the s2i-nginx build image,0,3,16,False,False,False,False,False,True,True,True,True,True,True,2016-10-03T16:24:51Z,2016-11-16T18:33:07Z,2016-11-16T18:33:05Z,True,True,False,False,False,False,False,False,True,False,False,True,False,False,False,0,0,0,0,0,0,Apache License 2.0,,1668,0,0,28,0,0.0,0.0,0.02,master,,0,0
14,nodejs-ex,BCDevOps,BCDevOps/nodejs-ex,https://github.com/BCDevOps/nodejs-ex,,node.js example,0,0,128,True,False,False,False,False,False,True,False,True,True,True,2016-10-15T00:05:21Z,2016-10-15T00:11:58Z,2016-10-18T04:49:33Z,False,True,False,False,False,False,False,True,True,True,False,True,False,False,False,0,0,0,0,0,0,,,1656,0,0,124,0,0.0,0.0,0.07,master,HTML_JavaScript_Shell,0,0
15,s2i-nginx-npm,BCDevOps,BCDevOps/s2i-nginx-npm,https://github.com/BCDevOps/s2i-nginx-npm,,Source to Image (S2I) for web apps that build via npm and hosted on nginx static file server,0,1,64,False,False,False,False,False,True,True,True,True,True,True,2016-10-24T18:29:41Z,2016-10-24T18:32:34Z,2016-10-27T03:47:06Z,True,True,False,False,False,False,False,False,True,True,True,True,False,False,False,0,0,0,0,0,0,Apache License 2.0,,1647,0,0,89,0,0.0,0.0,0.05,master,Shell_Nginx_HTML_Makefile,0,0
16,tree-model-bower,BCDevOps,BCDevOps/tree-model-bower,https://github.com/BCDevOps/tree-model-bower,,Bower Package for Tree Model JS - https://github.com/joaonuno/tree-model-js,0,0,7,False,False,False,False,False,True,True,True,True,True,True,2016-12-09T00:56:32Z,2016-12-09T01:49:15Z,2016-12-09T01:49:14Z,True,True,False,False,False,False,False,False,True,False,False,True,False,False,False,0,0,0,0,0,0,MIT License,,1601,0,0,6,0,0.0,0.0,0.0,master,,0,0
17,BCDevOps-Guide,BCDevOps,BCDevOps/BCDevOps-Guide,https://github.com/BCDevOps/BCDevOps-Guide,,,7,7,22,False,False,False,True,False,True,True,True,True,True,True,2017-02-09T21:23:27Z,2019-04-23T16:57:43Z,2019-04-23T16:57:28Z,True,True,False,False,False,False,False,True,True,False,False,True,False,False,False,0,0,0,0,0,0,Other,,1539,1,1,10,0,0.0,0.0,0.01,master,,0,0
18,pathfinder-jenkins,BCDevOps,BCDevOps/pathfinder-jenkins,https://github.com/BCDevOps/pathfinder-jenkins,,,0,0,6,False,False,False,False,False,True,True,True,True,True,True,2017-03-21T23:49:28Z,2017-03-21T23:49:28Z,2017-09-13T17:03:13Z,True,True,False,False,False,False,False,False,True,False,False,True,False,False,False,0,0,0,0,0,0,Apache License 2.0,,1499,0,0,4,0,0.0,0.0,0.0,master,,0,0
19,sonar-pipeline,BCDevOps,BCDevOps/sonar-pipeline,https://github.com/BCDevOps/sonar-pipeline,,,1,2,189,True,False,False,False,False,False,True,True,True,True,True,2017-05-12T23:38:41Z,2019-06-03T12:46:07Z,2017-05-16T18:06:12Z,False,True,False,False,False,False,False,False,True,True,True,True,False,False,False,0,0,0,0,0,0,,,1447,0,0,16,0,0.0,0.0,0.01,master,Java,0,0
20,pathfinder,BCDevOps,BCDevOps/pathfinder,https://github.com/BCDevOps/pathfinder,,Start of a basic site for pathfinder.gov.bc.ca using the BCGov 2.0 Bootstrap theme,1,2,129066,False,False,False,False,False,True,True,True,True,True,True,2017-07-06T17:58:01Z,2019-04-18T19:02:55Z,2021-05-07T20:38:38Z,True,True,True,True,False,False,False,True,True,False,False,True,False,False,False,0,0,0,0,0,0,Other,Contributor Covenant,1392,0,7,78,0,0.0,0.01,0.06,master,HTML_CSS_JavaScript_Shell,0,1
21,s2i-caddy,BCDevOps,BCDevOps/s2i-caddy,https://github.com/BCDevOps/s2i-caddy,,,0,9,23,False,False,False,False,False,True,True,True,True,True,True,2017-07-07T18:47:49Z,2020-04-18T00:22:07Z,2020-04-18T00:22:05Z,True,True,False,False,False,False,False,True,True,True,True,True,False,False,False,0,0,0,0,0,0,Apache License 2.0,,1391,3,5,24,0,0.0,0.0,0.02,master,Shell_Dockerfile_Groovy_Makefile,0,2
22,openshift-wiki,BCDevOps,BCDevOps/openshift-wiki,https://github.com/BCDevOps/openshift-wiki,https://pathfinder-faq-ocio-pathfinder-prod.pathfinder.gov.bc.ca/,Gitbook URL of WIKI,11,11,1129,False,False,False,False,False,True,True,True,True,True,True,2017-09-09T22:00:28Z,2021-04-28T11:13:26Z,2021-04-01T16:07:14Z,True,True,False,False,False,False,False,False,True,True,True,True,False,False,False,0,1,0,0,0,7,Apache License 2.0,,1327,33,42,300,0,0.02,0.03,0.23,master,Shell_CSS,0,24
23,exo-community,BCDevOps,BCDevOps/exo-community,https://github.com/BCDevOps/exo-community,,,0,0,51,True,False,False,False,False,False,True,True,True,True,True,2017-10-18T22:21:09Z,2017-10-18T22:21:10Z,2018-01-30T23:32:52Z,False,True,False,False,False,False,False,False,True,False,False,True,False,False,False,0,0,0,0,0,0,,,1288,0,0,58,0,0.0,0.0,0.05,master,Shell,0,0
24,opendev-template,BCDevOps,BCDevOps/opendev-template,https://github.com/BCDevOps/opendev-template,,BC Gov Open Development Repo Template,2,5,55,False,False,False,False,True,True,True,True,True,True,True,2017-10-20T19:57:54Z,2020-07-17T23:31:53Z,2019-11-05T21:33:24Z,True,True,True,True,False,False,False,True,True,False,True,True,False,False,False,0,0,0,0,0,0,Apache License 2.0,Contributor Covenant,1286,0,7,67,0,0.0,0.01,0.05,master,Shell,0,1
25,jenkins,BCDevOps,BCDevOps/jenkins,https://github.com/BCDevOps/jenkins,,,0,1,3218,True,False,False,True,False,False,True,False,True,True,True,2017-10-26T21:10:43Z,2018-11-29T18:21:19Z,2017-10-26T22:43:50Z,False,True,False,False,False,False,False,False,True,True,False,True,False,False,False,0,0,0,0,0,0,,,1280,0,0,593,0,0.0,0.0,0.46,master,Shell_Smarty_Makefile,0,0
26,examples,BCDevOps,BCDevOps/examples,https://github.com/BCDevOps/examples,,A set of simple conceptual examples using things like Ansible and OpenShift,0,0,205,True,False,False,False,False,False,True,True,True,True,True,2017-10-27T22:51:28Z,2017-10-27T22:51:30Z,2017-08-21T19:56:31Z,True,True,False,False,False,False,False,False,True,True,False,True,False,False,True,0,0,0,0,0,0,Apache License 2.0,,1279,0,0,53,0,0.0,0.0,0.04,master,Java_Shell_HTML_Batchfile_CSS,0,0
27,openshift-templates,BCDevOps,BCDevOps/openshift-templates,https://github.com/BCDevOps/openshift-templates,,A Repository of Reusable OpenShift Templates,1,0,43,True,False,False,False,False,False,True,True,True,True,True,2017-10-27T22:56:57Z,2020-08-26T14:09:52Z,2018-11-08T23:07:49Z,True,True,False,False,False,False,False,False,True,False,False,True,False,False,False,0,0,0,0,0,0,Apache License 2.0,,1279,0,0,17,0,0.0,0.0,0.01,master,,0,0
28,openshift-developer-tools,BCDevOps,BCDevOps/openshift-developer-tools,https://github.com/BCDevOps/openshift-developer-tools,,Tools for managing OpenShift projects.,12,38,585,False,False,False,False,False,True,True,True,True,True,True,2017-11-15T23:08:20Z,2021-04-30T15:48:18Z,2021-04-30T15:48:15Z,True,True,False,False,False,False,False,False,True,True,False,True,False,False,False,0,0,0,0,0,0,Apache License 2.0,,1260,2,136,337,0,0.0,0.11,0.27,master,Shell,124,22
29,minio-openshift,BCDevOps,BCDevOps/minio-openshift,https://github.com/BCDevOps/minio-openshift,,Minio Object Storage Server,9,11,31,False,False,False,False,False,True,True,True,True,True,True,2017-11-21T19:17:40Z,2021-03-30T09:22:57Z,2019-11-19T22:55:45Z,True,True,True,True,False,False,False,True,True,False,True,True,False,False,False,0,0,0,0,0,1,Apache License 2.0,Contributor Covenant,1254,3,3,30,0,0.0,0.0,0.02,master,Groovy_Dockerfile_Shell,0,1
30,BDDStack,BCDevOps,BCDevOps/BDDStack,https://github.com/BCDevOps/BDDStack,,"This is the Geb, Spock Test stack as deployed at BCGOV, it supports Chrome and Firefox headless testing, which can be used in OpenShift pipelines. ***Warning: Default Branch is Develop, please clone from Latest Release for use in your project, or develop if you want to contribute.",3,12,782,False,False,False,False,False,True,True,True,True,True,True,2017-11-30T01:07:26Z,2020-08-03T05:50:42Z,2020-01-16T21:58:47Z,True,True,False,False,False,False,False,True,True,True,False,True,False,False,False,0,1,4,0,0,9,Apache License 2.0,,1245,2,8,257,0,0.0,0.01,0.21,develop,Groovy_Dockerfile,0,1
31,owasp-zap-openshift,BCDevOps,BCDevOps/owasp-zap-openshift,https://github.com/BCDevOps/owasp-zap-openshift,,A Docker build for OWASP Zed Attack Proxy to be used in CI/CD pipelines,0,2,2239,True,False,False,False,False,False,True,True,True,True,True,2018-01-05T18:40:07Z,2018-01-05T18:40:08Z,2020-05-01T23:13:12Z,False,True,False,False,False,False,False,False,True,False,False,True,False,False,False,0,0,0,0,0,0,,,1209,0,1,46,0,0.0,0.0,0.04,master,Python_JavaScript_Shell,0,0
32,innovation-lab-projects,BCDevOps,BCDevOps/innovation-lab-projects,https://github.com/BCDevOps/innovation-lab-projects,,Innovation LAB Project Tracking,0,0,6,False,False,False,False,False,True,True,True,True,True,True,2018-01-13T00:12:09Z,2018-01-13T00:12:09Z,2018-01-30T03:52:44Z,True,True,False,False,False,False,False,False,True,False,False,True,False,False,False,0,0,0,0,0,0,Apache License 2.0,,1201,3,1,3,0,0.0,0.0,0.0,master,,0,0
33,sonarqube,BCDevOps,BCDevOps/sonarqube,https://github.com/BCDevOps/sonarqube,,An OpenShift-focused Docker build of Sonarqube,3,22,226,True,False,False,False,False,True,True,True,True,True,True,2018-01-17T22:43:47Z,2021-03-04T20:10:57Z,2021-03-04T20:10:53Z,True,True,True,True,False,False,False,False,True,False,False,True,False,False,False,0,0,2,0,0,0,GNU Lesser General Public License v3.0,Contributor Covenant,1197,12,20,127,0,0.01,0.02,0.11,master,Dockerfile_Shell,0,11
34,OWASP-ZAP,BCDevOps,BCDevOps/OWASP-ZAP,https://github.com/BCDevOps/OWASP-ZAP,,OWASP ZAP OpenShift Config/Setup,0,0,6,False,False,False,False,False,True,True,True,True,True,True,2018-01-23T21:08:08Z,2018-01-23T21:08:08Z,2018-01-30T03:49:53Z,True,True,False,False,False,False,False,False,True,False,False,True,False,False,False,0,0,0,0,0,0,Apache License 2.0,,1191,0,0,3,0,0.0,0.0,0.0,master,,0,0
35,geb-mobile,BCDevOps,BCDevOps/geb-mobile,https://github.com/BCDevOps/geb-mobile,,"A geb navigator factory for mobile support for Appium, Selendroid and IosDriver",0,1,88791,True,False,False,False,False,False,True,True,True,True,True,2018-02-01T22:41:48Z,2018-02-01T22:41:49Z,2018-04-09T20:55:00Z,False,True,False,False,False,False,False,False,True,True,False,True,False,False,False,0,0,0,0,0,0,,,1182,0,0,91,0,0.0,0.0,0.08,master,Groovy_Gherkin_Shell,0,0
36,jenkins-pipeline-shared-lib,BCDevOps,BCDevOps/jenkins-pipeline-shared-lib,https://github.com/BCDevOps/jenkins-pipeline-shared-lib,,Extending Jenkins with a Shared Library,17,20,185,False,False,False,False,False,True,True,True,True,True,True,2018-02-02T19:19:56Z,2021-05-07T10:06:48Z,2021-04-30T00:26:41Z,True,True,False,False,False,False,False,True,True,False,False,True,False,False,False,0,0,1,0,0,0,Apache License 2.0,,1181,2,5,62,0,0.0,0.0,0.05,master,Groovy,0,0
37,rhsso-examples,BCDevOps,BCDevOps/rhsso-examples,https://github.com/BCDevOps/rhsso-examples,,,0,0,380,False,False,False,False,False,True,True,True,True,True,True,2018-06-06T21:09:37Z,2018-06-07T20:17:22Z,2019-04-15T01:43:33Z,True,True,False,False,False,False,False,True,True,True,False,True,False,False,False,0,0,0,0,0,0,Apache License 2.0,,1057,0,5,7,0,0.0,0.0,0.01,master,JavaScript_Groovy_CSS_HTML_Shell,0,0
38,pathfinder-static-web-pages,BCDevOps,BCDevOps/pathfinder-static-web-pages,https://github.com/BCDevOps/pathfinder-static-web-pages,,"REPO for bcgov static file store - css, etc ",0,0,9,False,False,False,False,False,True,True,True,True,True,True,2018-06-07T20:13:00Z,2018-06-07T20:51:54Z,2018-06-07T20:51:53Z,True,True,False,False,False,False,False,True,True,False,False,True,False,False,False,0,0,0,0,0,0,Apache License 2.0,,1056,0,0,7,0,0.0,0.0,0.01,master,HTML,0,0
39,certbot,BCDevOps,BCDevOps/certbot,https://github.com/BCDevOps/certbot,,RHEL-based certbot image  + CronJob,3,5,36,False,False,False,False,False,True,True,True,True,True,True,2018-07-04T18:04:05Z,2021-03-25T21:55:33Z,2021-03-25T21:55:30Z,True,True,False,False,False,False,False,True,True,False,False,True,False,False,False,0,0,0,0,0,0,Apache License 2.0,,1029,6,5,36,0,0.01,0.0,0.03,master,Shell_Dockerfile,0,3
40,ocp-cd-pipeline,BCDevOps,BCDevOps/ocp-cd-pipeline,https://github.com/BCDevOps/ocp-cd-pipeline,,,4,6,49,False,False,False,False,False,True,True,True,True,True,True,2018-07-18T19:15:57Z,2019-09-23T18:55:25Z,2019-08-05T02:17:19Z,True,True,False,False,False,False,False,False,True,False,False,True,False,False,False,0,0,4,0,0,0,Apache License 2.0,,1015,2,5,22,0,0.0,0.0,0.02,master,Groovy_Shell,0,0
41,keycloak-admin,BCDevOps,BCDevOps/keycloak-admin,https://github.com/BCDevOps/keycloak-admin,,,7,2,475,False,False,False,False,False,True,True,True,True,True,True,2018-08-23T21:58:50Z,2021-04-23T16:37:44Z,2021-04-23T16:37:40Z,True,True,False,False,False,False,False,True,True,False,False,True,False,False,False,0,0,0,0,0,0,Apache License 2.0,,979,5,33,201,0,0.01,0.03,0.21,master,Jinja_JavaScript_Shell_Python_Dockerfile,0,26
42,developer-platform,BCDevOps,BCDevOps/developer-platform,https://github.com/BCDevOps/developer-platform,,Sandbox for prototyping some automation approaches.,1,0,24,False,False,False,False,False,False,False,False,True,True,True,2018-08-28T20:57:18Z,2018-09-13T18:16:35Z,2018-09-13T18:16:32Z,True,True,True,True,False,False,False,True,True,False,True,True,False,False,False,0,0,0,0,0,0,Apache License 2.0,Contributor Covenant,974,0,2,32,0,0.0,0.0,0.03,master,,0,0
43,open-component-stewardship,BCDevOps,BCDevOps/open-component-stewardship,https://github.com/BCDevOps/open-component-stewardship,,,0,0,6,False,False,False,False,False,True,True,True,True,True,True,2018-09-05T20:45:59Z,2018-09-05T20:50:25Z,2018-09-05T20:50:24Z,True,True,False,False,False,False,False,False,True,False,False,True,False,False,False,0,0,0,0,0,0,Apache License 2.0,,966,0,0,3,0,0.0,0.0,0.0,master,,0,0
44,backup-container,BCDevOps,BCDevOps/backup-container,https://github.com/BCDevOps/backup-container,,A simple container for a simple backup strategy. ,16,37,489,False,False,False,False,False,True,True,True,True,True,True,2018-09-20T13:12:04Z,2021-03-17T18:06:28Z,2021-03-03T22:12:08Z,True,True,True,True,False,False,False,True,True,False,False,True,False,False,False,0,0,11,0,0,10,Apache License 2.0,Contributor Covenant,951,20,57,309,0,0.02,0.06,0.32,master,Shell_JavaScript_Dockerfile,0,32
45,devops-platform-workshops,BCDevOps,BCDevOps/devops-platform-workshops,https://github.com/BCDevOps/devops-platform-workshops,,OCP Training Workshop Material and Labs,8,12,76015,False,False,False,False,False,True,True,True,True,True,True,2018-09-21T06:42:40Z,2021-05-05T18:14:49Z,2021-05-05T16:22:48Z,True,True,False,False,False,False,False,False,True,False,False,True,False,True,False,0,0,0,0,0,4,Apache License 2.0,,950,47,50,346,0,0.05,0.05,0.36,master,JavaScript_Shell_HTML_CSS_Dockerfile_SCSS,0,21
46,devops-platform-workshops-labs,BCDevOps,BCDevOps/devops-platform-workshops-labs,https://github.com/BCDevOps/devops-platform-workshops-labs,,,0,21,6861,False,False,False,False,False,True,True,True,True,True,True,2018-09-25T20:11:14Z,2019-05-27T12:43:13Z,2020-02-05T06:35:12Z,True,True,False,False,False,False,False,False,True,False,False,True,False,False,False,0,0,0,0,0,0,Apache License 2.0,,946,1,13,5,0,0.0,0.01,0.01,master,Dockerfile_Shell,0,0
47,provision-nfs-apb,BCDevOps,BCDevOps/provision-nfs-apb,https://github.com/BCDevOps/provision-nfs-apb,,Provision NFS persistent volume and claim for use as a backup target,0,1,239,False,False,False,False,False,True,True,True,True,True,True,2018-09-25T21:49:54Z,2019-10-28T21:31:24Z,2019-10-28T21:31:27Z,True,True,True,False,False,False,False,False,True,False,False,True,False,False,False,0,0,0,0,0,0,Apache License 2.0,,946,4,6,24,0,0.0,0.01,0.03,master,Shell_Dockerfile_Makefile,0,2
48,platform-services,BCDevOps,BCDevOps/platform-services,https://github.com/BCDevOps/platform-services,,Collection of platform related tools and configurations,13,25,42872,False,False,False,False,False,True,True,True,True,True,True,2018-11-01T23:36:01Z,2021-04-22T18:33:22Z,2021-05-06T16:18:08Z,True,True,True,False,False,False,False,False,True,True,True,True,False,True,False,0,0,0,0,0,6,Apache License 2.0,,909,470,221,564,0,0.52,0.24,0.62,master,Jinja_JavaScript_Shell_Dockerfile_Groovy_CSS_HTML_Python,0,141
49,pipeline-cli,BCDevOps,BCDevOps/pipeline-cli,https://github.com/BCDevOps/pipeline-cli,,,2,8,454,False,False,False,False,False,True,True,True,True,True,True,2018-11-02T06:00:22Z,2021-04-05T04:06:42Z,2020-12-29T17:18:29Z,True,True,False,False,False,False,False,False,True,True,True,True,False,False,False,0,0,2,0,0,0,Apache License 2.0,,908,15,12,86,0,0.02,0.01,0.09,master,JavaScript_Shell,0,4
50,fathom-openshift,BCDevOps,BCDevOps/fathom-openshift,https://github.com/BCDevOps/fathom-openshift,,OpenShift ready deployment of Fathom Analytics,0,3,106,False,False,False,False,False,True,True,True,True,True,True,2019-02-04T23:05:32Z,2021-02-24T20:55:49Z,2021-02-24T20:55:46Z,True,True,True,True,False,False,False,False,True,True,False,True,False,False,False,0,0,0,0,0,0,Apache License 2.0,Contributor Covenant,814,1,7,55,0,0.0,0.01,0.07,master,Shell_Dockerfile,0,3
51,StorageMigration,BCDevOps,BCDevOps/StorageMigration,https://github.com/BCDevOps/StorageMigration,,Legacy Gluster Migration Project,0,9,169,False,False,False,False,False,True,True,True,True,True,True,2019-02-07T17:29:53Z,2021-04-10T13:08:46Z,2021-04-10T13:08:43Z,True,True,False,False,False,False,False,False,True,False,False,True,False,True,False,0,0,0,0,0,0,Apache License 2.0,,811,46,12,76,0,0.06,0.01,0.09,master,Shell_Dockerfile,0,8
52,matomo-openshift,BCDevOps,BCDevOps/matomo-openshift,https://github.com/BCDevOps/matomo-openshift,,OpenShift ready deployment of Matomo Analytics ,2,9,145,False,False,False,False,False,True,True,True,True,True,True,2019-02-09T01:43:30Z,2021-03-03T17:16:27Z,2021-03-03T19:40:06Z,True,True,True,True,False,False,False,False,True,True,False,True,False,False,False,0,0,4,0,0,0,Apache License 2.0,Contributor Covenant,809,6,17,92,0,0.01,0.02,0.11,master,Shell_Dockerfile,0,11
53,go-crond,BCDevOps,BCDevOps/go-crond,https://github.com/BCDevOps/go-crond,,:alarm_clock: Cron daemon written in golang (for eg. usage in docker images),0,3,106,True,False,False,False,False,False,True,True,True,True,True,2019-02-28T15:40:24Z,2020-02-10T20:16:10Z,2020-02-10T20:18:56Z,True,True,False,False,True,False,False,True,True,False,False,True,False,False,False,0,0,2,0,0,0,GNU General Public License v2.0,,790,0,4,109,0,0.0,0.01,0.14,master,Go_Makefile_Dockerfile,0,0
54,bcdk,BCDevOps,BCDevOps/bcdk,https://github.com/BCDevOps/bcdk,,BC Developer Kit,6,15,506,False,False,False,False,False,True,True,True,True,True,True,2019-03-06T19:19:31Z,2021-03-24T16:11:03Z,2021-03-30T22:50:19Z,True,True,True,False,False,False,False,True,True,False,True,True,False,False,False,0,0,0,0,0,0,Apache License 2.0,,784,64,32,91,0,0.08,0.04,0.12,master,JavaScript_Groovy_Dockerfile_Python_Shell,0,17
55,developer-engagement,BCDevOps,BCDevOps/developer-engagement,https://github.com/BCDevOps/developer-engagement,,"Materials related to developer community engagement, surveys, feedback, etc.",1,0,2,False,False,False,False,False,True,True,True,True,True,True,2019-05-01T22:12:50Z,2019-06-06T16:02:48Z,2019-06-06T16:02:46Z,False,True,False,False,False,False,False,False,True,False,False,True,False,False,False,0,0,0,0,0,0,,,728,0,0,3,0,0.0,0.0,0.0,master,,0,0
56,docker-weasyprint,BCDevOps,BCDevOps/docker-weasyprint,https://github.com/BCDevOps/docker-weasyprint,,,5,6,1648,True,False,False,False,False,False,True,True,True,True,True,2019-05-21T20:18:10Z,2021-03-05T15:56:42Z,2021-03-05T16:24:05Z,True,True,False,False,False,False,False,False,True,True,True,True,False,False,False,0,0,3,0,0,2,GNU General Public License v3.0,,708,0,6,49,0,0.0,0.01,0.07,master,Python_Dockerfile_HTML,0,4
57,platform-services-status-page-notifications,BCDevOps,BCDevOps/platform-services-status-page-notifications,https://github.com/BCDevOps/platform-services-status-page-notifications,,"A simple repo for the source of notification files, separating it from the code itself to keep interaction as simple as possible.",0,2,257,False,False,False,False,False,True,True,True,True,True,True,2019-06-03T02:39:46Z,2021-04-28T15:56:02Z,2021-04-28T15:56:00Z,True,True,False,False,False,False,False,False,True,False,False,True,False,False,False,0,0,0,0,0,3,Apache License 2.0,,695,11,127,368,0,0.02,0.18,0.53,master,,0,108
58,nr-pipeline-ext,BCDevOps,BCDevOps/nr-pipeline-ext,https://github.com/BCDevOps/nr-pipeline-ext,,Natural Resource (IIT) Module/Extension for pipeline-cli,0,8,903,False,False,False,False,False,True,True,True,True,True,True,2019-07-04T20:12:53Z,2020-11-09T22:02:20Z,2021-05-07T11:21:42Z,True,True,True,False,False,False,False,False,True,True,True,True,False,False,False,0,0,1,0,0,0,Apache License 2.0,,664,1,106,191,0,0.0,0.16,0.29,release/0.0.1,JavaScript_Shell,0,73
59,nr-jenkins-shared-lib,BCDevOps,BCDevOps/nr-jenkins-shared-lib,https://github.com/BCDevOps/nr-jenkins-shared-lib,,Jenkins Shared Library for IIT (Natural Resource Ministries),0,0,5,False,False,False,False,False,True,True,True,True,True,True,2019-07-11T18:46:11Z,2019-07-11T18:46:14Z,2019-07-11T18:46:12Z,True,True,False,False,False,False,False,False,True,False,False,True,False,False,False,0,0,0,0,0,0,Apache License 2.0,,657,0,0,1,0,0.0,0.0,0.0,master,,0,0
60,nr-devops-tools,BCDevOps,BCDevOps/nr-devops-tools,https://github.com/BCDevOps/nr-devops-tools,,DevOps scripts and tools used by IIT (Natural Resource Ministries),0,0,5,False,False,False,False,False,True,True,True,True,True,True,2019-07-11T18:47:09Z,2019-07-11T18:47:12Z,2019-07-11T18:47:10Z,True,False,False,False,False,False,False,True,True,False,False,True,False,False,False,0,0,0,0,0,0,Apache License 2.0,,657,0,0,1,0,0.0,0.0,0.0,master,,0,0
61,eval-crunchydata,BCDevOps,BCDevOps/eval-crunchydata,https://github.com/BCDevOps/eval-crunchydata,,Evaluating CrunchyData's Postgres Operator,0,0,0,False,False,False,False,False,True,True,True,True,True,True,2019-09-10T17:25:24Z,2019-09-10T17:33:50Z,2019-09-10T17:33:48Z,False,True,False,False,False,False,False,False,True,False,False,True,False,False,False,0,0,0,0,0,0,,,596,6,0,1,0,0.01,0.0,0.0,master,,0,0
62,gh-deploy,BCDevOps,BCDevOps/gh-deploy,https://github.com/BCDevOps/gh-deploy,,A nodemodule/cli tool that wraps the github deployments API,1,0,855,False,False,False,False,False,True,True,True,True,True,True,2019-09-27T17:30:19Z,2020-09-08T20:47:17Z,2021-03-31T05:22:15Z,True,True,True,True,False,False,False,False,True,False,True,True,False,True,False,0,0,1,0,0,0,Apache License 2.0,Contributor Covenant,579,2,22,78,0,0.0,0.04,0.13,master,JavaScript_Batchfile,0,4
63,OpenShift4-RollOut,BCDevOps,BCDevOps/OpenShift4-RollOut,https://github.com/BCDevOps/OpenShift4-RollOut,,This is the primary board for all activities related to the roll out of OpenShift 4,1,1,700,False,False,False,False,False,True,True,True,True,True,True,2019-10-25T20:51:23Z,2020-11-04T00:59:24Z,2020-11-04T00:59:21Z,True,True,False,False,False,False,False,False,True,False,False,True,False,True,False,0,0,0,0,0,0,Apache License 2.0,,551,486,8,12,0,0.88,0.01,0.02,master,,0,6
64,OpenShift4-Migration,BCDevOps,BCDevOps/OpenShift4-Migration,https://github.com/BCDevOps/OpenShift4-Migration,,Scripts and info for Ministry teams migration from OpenShift 3.11 to 4.x,2,0,17,False,False,False,False,False,True,True,True,True,True,True,2019-10-28T17:55:34Z,2021-01-15T08:58:08Z,2021-01-05T21:32:48Z,True,True,False,False,False,False,False,False,True,False,False,True,False,False,False,0,0,0,0,0,0,Apache License 2.0,,548,73,1,9,0,0.13,0.0,0.02,master,,0,1
65,devops-requests,BCDevOps,BCDevOps/devops-requests,https://github.com/BCDevOps/devops-requests,,This repository is used to track the DevOps requests for platform services team.,14,9,148,False,False,False,False,False,True,True,True,True,True,True,2019-11-05T17:55:33Z,2021-05-07T20:10:27Z,2021-05-07T20:10:24Z,False,True,False,False,False,False,False,False,True,False,False,True,False,True,False,0,0,0,0,0,0,,,540,1017,44,147,0,1.88,0.08,0.27,master,,0,25
66,developer-experience,BCDevOps,BCDevOps/developer-experience,https://github.com/BCDevOps/developer-experience,,"This repository is used to track all work for the BCGov Platform Services Team (This includes work for: 1. Platform Experience, 2. Developer Experience 3. Platform Operations/OCP 3)",4,10,705894,False,False,False,False,False,True,True,True,True,True,True,2019-11-06T22:41:22Z,2021-04-22T18:58:35Z,2021-05-04T22:42:13Z,True,False,False,False,False,False,False,True,True,True,False,True,False,True,False,0,0,0,0,0,0,Apache License 2.0,,539,1002,131,516,0,1.86,0.24,0.96,master,Jinja_JavaScript_Perl_TypeScript_Shell_SCSS_Makefile_HTML_Dockerfile,0,82
67,ha-tomcat9,BCDevOps,BCDevOps/ha-tomcat9,https://github.com/BCDevOps/ha-tomcat9,,Highly Available Tomcat 9 Image,0,1,84,False,False,False,False,False,True,True,True,True,True,True,2019-11-20T18:03:50Z,2021-04-30T19:44:41Z,2021-04-30T19:44:40Z,True,True,False,False,False,False,False,False,True,False,False,True,False,False,False,0,0,0,0,0,0,Apache License 2.0,,525,0,9,34,0,0.0,0.02,0.06,release/0.0.1,JavaScript_Dockerfile_Shell,0,4
68,surveyjs-vue-scaffold,BCDevOps,BCDevOps/surveyjs-vue-scaffold,https://github.com/BCDevOps/surveyjs-vue-scaffold,,SurveyJS Widgets in Vue,1,4,2554,False,False,False,False,False,True,True,True,True,True,True,2020-01-27T23:10:13Z,2020-09-07T03:43:15Z,2021-04-30T16:05:19Z,False,True,False,False,False,False,False,False,True,True,False,True,False,False,False,0,0,0,0,0,0,,,457,0,23,79,0,0.0,0.05,0.17,master,Vue_TypeScript_CSS_JavaScript_HTML,0,10
69,managed-ocp,BCDevOps,BCDevOps/managed-ocp,https://github.com/BCDevOps/managed-ocp,,BC Gov OpenShift Container Platform Deployment Automation,1,4,29119,False,False,False,False,False,True,True,True,True,True,True,2020-04-16T18:08:20Z,2021-02-18T18:08:41Z,2020-06-18T00:24:34Z,True,True,False,False,False,False,False,False,True,False,True,True,False,False,False,0,0,0,0,0,0,Apache License 2.0,,377,1,33,44,0,0.0,0.09,0.12,master,Shell_HCL,0,25
70,azure-landing-zone,BCDevOps,BCDevOps/azure-landing-zone,https://github.com/BCDevOps/azure-landing-zone,,Automation scripts and other artifacts related to BC Gov's Landing Zone in Microsoft Azure.,0,0,5,False,False,False,False,False,True,True,True,True,True,True,2020-04-22T19:16:48Z,2020-04-22T19:16:52Z,2020-04-22T19:16:50Z,True,True,False,False,False,False,False,False,True,False,False,True,False,False,False,0,0,0,0,0,0,Apache License 2.0,,371,0,0,1,0,0.0,0.0,0.0,master,,0,0
71,gcp-landing-zone,BCDevOps,BCDevOps/gcp-landing-zone,https://github.com/BCDevOps/gcp-landing-zone,,Automation scripts and other artifacts related to BC Gov's Landing Zone in Google Compute Platform.,0,0,5,False,False,False,False,False,True,True,True,True,True,True,2020-04-22T19:18:49Z,2020-04-22T19:18:53Z,2020-04-22T19:18:51Z,True,True,False,False,False,False,False,False,True,False,False,True,False,False,False,0,0,0,0,0,0,Apache License 2.0,,371,0,0,1,0,0.0,0.0,0.0,master,,0,0
72,nr-elasticsearch-stack,BCDevOps,BCDevOps/nr-elasticsearch-stack,https://github.com/BCDevOps/nr-elasticsearch-stack,,NR Elastic Search Stack (Kibana + Elasticsearch),2,3,34,False,False,False,False,False,True,True,True,True,True,True,2020-05-25T20:00:43Z,2021-02-05T22:41:16Z,2021-04-12T23:49:15Z,True,True,False,False,False,False,False,False,True,False,False,True,False,False,False,0,0,0,0,0,0,Apache License 2.0,,338,1,9,2,0,0.0,0.03,0.01,master,Shell_JavaScript,0,3
73,aws-saml2sts-bookmarklet,BCDevOps,BCDevOps/aws-saml2sts-bookmarklet,https://github.com/BCDevOps/aws-saml2sts-bookmarklet,,,0,2,285,False,False,False,False,False,True,True,True,True,True,True,2020-06-01T23:08:09Z,2020-06-02T23:33:26Z,2020-07-20T23:11:46Z,True,True,True,True,False,False,False,True,True,False,False,False,False,False,False,0,0,0,0,0,0,Apache License 2.0,Contributor Covenant,331,0,2,12,0,0.0,0.01,0.04,master,HTML_JavaScript,0,0
74,nrdk,BCDevOps,BCDevOps/nrdk,https://github.com/BCDevOps/nrdk,,Natural Resource Ministries Developer/Deployment Kit,2,4,822,False,False,False,False,False,True,True,True,True,True,True,2020-06-18T17:20:42Z,2021-04-14T21:41:18Z,2021-04-19T20:13:50Z,True,True,False,False,False,False,False,True,True,True,True,True,False,False,False,0,1,0,0,0,0,Apache License 2.0,,314,30,35,21,0,0.1,0.11,0.07,master,TypeScript_Groovy_Dockerfile_JavaScript_Shell,0,22
75,aws-login,BCDevOps,BCDevOps/aws-login,https://github.com/BCDevOps/aws-login,,AWS login facility that supports web console access as well as temporary credential generation.,1,3,106,False,False,False,False,False,True,True,True,True,True,True,2020-06-29T20:15:27Z,2021-05-06T18:12:10Z,2021-05-06T18:12:07Z,False,True,True,True,False,False,False,True,True,False,False,False,False,False,False,0,0,0,0,0,0,,Contributor Covenant,303,0,7,24,0,0.0,0.02,0.08,master,HTML_JavaScript_HCL,0,3
76,bcgov-terraform-module-template,BCDevOps,BCDevOps/bcgov-terraform-module-template,https://github.com/BCDevOps/bcgov-terraform-module-template,,A template repo for BC Gov Terraform module repos.,0,1,17,False,False,False,False,True,True,True,True,True,True,True,2020-07-17T23:32:59Z,2020-07-17T23:44:07Z,2020-07-17T23:43:49Z,True,True,True,True,False,False,False,True,True,False,False,True,False,False,False,0,0,0,0,0,0,Apache License 2.0,Contributor Covenant,285,0,0,2,0,0.0,0.0,0.01,master,HCL,0,0
77,terraform-aws-account-set,BCDevOps,BCDevOps/terraform-aws-account-set,https://github.com/BCDevOps/terraform-aws-account-set,,A Terraform module to automate consistent provisioning of 'account sets' (project workspaces) in an AWS organization.,0,0,9,False,False,False,False,False,True,True,True,True,True,True,2020-07-17T23:46:20Z,2020-07-17T23:46:25Z,2020-07-17T23:46:23Z,True,True,True,True,False,False,False,True,True,False,False,True,False,False,False,0,0,0,0,0,0,Apache License 2.0,Contributor Covenant,285,0,0,1,0,0.0,0.0,0.0,master,HCL,0,0
78,terraform-aws-organization-info,BCDevOps,BCDevOps/terraform-aws-organization-info,https://github.com/BCDevOps/terraform-aws-organization-info,,A Terraform module that provides info/data about an existing AWS organization that is not available from AWS TF provider.,1,0,11,False,False,False,False,False,True,True,True,True,True,True,2020-07-22T19:36:47Z,2020-11-17T20:05:46Z,2020-10-19T19:05:52Z,True,True,True,True,False,False,False,True,True,False,False,True,False,False,False,0,0,0,0,0,0,Apache License 2.0,Contributor Covenant,280,0,0,4,0,0.0,0.0,0.01,master,HCL,0,0
79,terraform-octk-tf-workspace,BCDevOps,BCDevOps/terraform-octk-tf-workspace,https://github.com/BCDevOps/terraform-octk-tf-workspace,,"A Terraform module for creating Terraform Cloud (or Enterprise) workspaces and related resources, ready use as part of an automated pipeline.",0,0,10,False,False,False,False,False,True,True,True,True,True,True,2020-07-23T22:22:59Z,2020-12-02T04:38:24Z,2020-12-02T04:38:22Z,True,True,True,True,False,False,False,True,True,False,False,True,False,False,False,0,0,0,0,0,0,Apache License 2.0,Contributor Covenant,279,0,0,2,0,0.0,0.0,0.01,master,HCL,0,0
80,terraform-octk-aws-workspace,BCDevOps,BCDevOps/terraform-octk-aws-workspace,https://github.com/BCDevOps/terraform-octk-aws-workspace,,A Terraform module that can create multi-account (environment) 'workspaces' in AWS in a consistent manner.,0,0,9,False,False,False,False,False,True,True,True,True,True,True,2020-07-28T23:13:45Z,2020-07-28T23:13:50Z,2020-07-28T23:13:47Z,True,True,True,True,False,False,False,True,True,False,False,True,False,False,False,0,0,0,0,0,0,Apache License 2.0,Contributor Covenant,274,0,0,1,0,0.0,0.0,0.0,master,HCL,0,0
81,terraform-keycloak-role-group-simplification,BCDevOps,BCDevOps/terraform-keycloak-role-group-simplification,https://github.com/BCDevOps/terraform-keycloak-role-group-simplification,,"A Terraform module to create roles, groups, and mappings based on a set of simple conventions. This is of particular use where KeyCloak is being used to control access to a system which has a large number of resources, each requiring a unique set of role definitions.  For example, access to a public cloud environment where KeyCloak is used as the SSO identity provider.",0,0,14,False,False,False,False,False,True,True,True,True,True,True,2020-08-18T20:03:00Z,2021-03-11T05:25:16Z,2021-03-11T05:25:14Z,True,True,True,True,False,False,False,True,True,False,False,True,False,False,False,0,0,0,0,0,0,Apache License 2.0,Contributor Covenant,253,0,0,9,0,0.0,0.0,0.04,master,HCL,0,0
82,terraform-octk-gcp-workspace,BCDevOps,BCDevOps/terraform-octk-gcp-workspace,https://github.com/BCDevOps/terraform-octk-gcp-workspace,,Example of how a workspace might be provisioned in GCP.,0,0,9,False,False,False,False,False,True,True,True,True,True,True,2020-08-28T21:58:45Z,2020-08-28T21:58:50Z,2020-08-28T21:58:48Z,True,True,True,True,False,False,False,True,True,False,False,True,False,False,False,0,0,0,0,0,0,Apache License 2.0,Contributor Covenant,243,0,0,1,0,0.0,0.0,0.0,master,HCL,0,0
83,terraform-gcp-project-set,BCDevOps,BCDevOps/terraform-gcp-project-set,https://github.com/BCDevOps/terraform-gcp-project-set,,A Terraform module to automate the creation of a set of related projects in GCP.,0,0,9,False,False,False,False,False,True,True,True,True,True,True,2020-08-28T22:01:52Z,2020-08-28T22:01:59Z,2020-08-28T22:01:56Z,True,True,True,True,False,False,False,True,True,False,False,True,False,False,False,0,0,0,0,0,0,Apache License 2.0,Contributor Covenant,243,0,0,1,0,0.0,0.0,0.0,master,HCL,0,0
84,terraform-aws-keycloak-lz-sso-setup,BCDevOps,BCDevOps/terraform-aws-keycloak-lz-sso-setup,https://github.com/BCDevOps/terraform-aws-keycloak-lz-sso-setup,,A Terraform module to bootstrap/setup the elements needed to provide KeyCloak-based single sign-on to an AWS Landing Zone.,0,0,29,False,False,False,False,False,True,True,True,True,True,True,2020-10-02T23:00:43Z,2021-03-11T05:26:16Z,2021-03-11T05:26:13Z,True,True,True,True,False,False,False,True,True,False,False,True,False,False,False,0,0,0,0,0,0,Apache License 2.0,Contributor Covenant,208,0,0,20,0,0.0,0.0,0.1,master,HCL_Shell,0,0
85,terraform-aws-sea-organization-info,BCDevOps,BCDevOps/terraform-aws-sea-organization-info,https://github.com/BCDevOps/terraform-aws-sea-organization-info,,A Terraform module that provides a simple way to navigate/locate accounts in a Secure Enterprise Accelerator (SEA)-based AWS organization.,0,1,11,False,False,False,False,False,True,True,True,True,True,True,2020-10-13T23:45:40Z,2021-03-05T17:32:31Z,2021-03-05T17:32:29Z,True,True,True,True,False,False,False,True,True,False,False,True,False,False,False,0,0,0,0,0,0,Apache License 2.0,Contributor Covenant,197,0,0,7,0,0.0,0.0,0.04,master,HCL,0,0
86,terraform-aws-sea-account-set,BCDevOps,BCDevOps/terraform-aws-sea-account-set,https://github.com/BCDevOps/terraform-aws-sea-account-set,,"A Terraform module to create 'account sets' in a simple, consistency manner in an AWS SEA-based landing zone.",0,0,13,False,False,False,False,False,True,True,True,True,True,True,2020-10-21T22:35:40Z,2021-03-04T04:43:15Z,2021-03-04T04:43:13Z,True,True,True,True,False,False,False,True,True,False,False,True,False,False,False,0,0,0,0,0,0,Apache License 2.0,Contributor Covenant,189,0,0,9,0,0.0,0.0,0.05,master,HCL,0,0
87,terraform-octk-aws-sea-workspace,BCDevOps,BCDevOps/terraform-octk-aws-sea-workspace,https://github.com/BCDevOps/terraform-octk-aws-sea-workspace,,A Terraform module to create OCTK workspace in an AWS SEA-based landing zone.,0,0,10,False,False,False,False,False,True,True,True,True,True,True,2020-10-21T22:37:47Z,2021-03-04T01:38:14Z,2021-03-04T01:42:35Z,True,True,True,True,False,False,False,True,True,False,False,True,False,False,False,0,0,0,0,0,0,Apache License 2.0,Contributor Covenant,189,0,0,4,0,0.0,0.0,0.02,master,HCL,0,0
88,aws-secure-environment-accelerator,BCDevOps,BCDevOps/aws-secure-environment-accelerator,https://github.com/BCDevOps/aws-secure-environment-accelerator,,The AWS Secure Environment Accelerator is a tool designed to help deploy and operate secure multi-account AWS environments on an ongoing basis. The power of the solution is the configuration file which enables the completely automated deployment of customizable architectures within AWS without changing a single line of code.,0,0,12779,True,False,False,False,False,False,True,True,True,True,True,2020-11-04T23:30:51Z,2020-11-04T23:30:53Z,2020-11-04T20:31:47Z,True,True,True,True,True,False,False,False,True,True,True,True,False,True,True,0,0,0,0,0,0,Apache License 2.0,Other,175,0,0,125,0,0.0,0.0,0.71,master,TypeScript_Python_PowerShell_HTML_JavaScript_Shell,0,0
89,terraform-octk-aws-workload-automation-setup,BCDevOps,BCDevOps/terraform-octk-aws-workload-automation-setup,https://github.com/BCDevOps/terraform-octk-aws-workload-automation-setup,,,0,0,14,False,False,False,False,False,True,True,True,True,True,True,2020-11-14T05:31:38Z,2021-03-18T03:57:24Z,2021-03-18T03:57:52Z,True,True,True,True,False,False,False,True,True,False,False,True,False,False,False,0,0,0,0,0,0,Apache License 2.0,Contributor Covenant,165,0,1,6,0,0.0,0.01,0.04,master,HCL,0,1
90,baserow,BCDevOps,BCDevOps/baserow,https://github.com/BCDevOps/baserow,,BC Gov Containerized Baserow,0,0,4,False,False,False,False,False,True,True,True,True,True,True,2020-11-18T02:10:32Z,2020-11-18T02:10:36Z,2020-11-18T02:10:34Z,True,True,False,False,False,False,False,False,True,False,False,True,False,False,False,0,0,0,0,0,0,Apache License 2.0,,161,0,0,1,0,0.0,0.0,0.01,main,,0,0
91,terraform-octk-aws-keycloak-account-set-role-setup,BCDevOps,BCDevOps/terraform-octk-aws-keycloak-account-set-role-setup,https://github.com/BCDevOps/terraform-octk-aws-keycloak-account-set-role-setup,,A Terraform module to be used as part of the tooling for setting up access to workload accounts with an AWS landing zone.,0,0,14,False,False,False,False,False,True,True,True,True,True,True,2020-11-25T00:31:19Z,2021-03-06T05:39:27Z,2021-03-11T05:30:47Z,True,True,True,True,False,False,False,True,True,False,False,True,False,False,False,0,0,0,0,0,0,Apache License 2.0,Contributor Covenant,154,0,1,8,0,0.0,0.01,0.05,master,HCL,0,0
92,cloudops,BCDevOps,BCDevOps/cloudops,https://github.com/BCDevOps/cloudops,,"A repo containing open documentation related to cloud operations processes, tooling, etc. and links to other locations  for non-BCGov, or internal documentation.",0,1,5,False,False,False,False,False,True,True,True,True,True,True,2020-11-27T18:31:49Z,2020-12-01T19:24:52Z,2020-12-01T19:24:50Z,False,True,False,False,False,False,False,False,True,False,False,True,False,False,False,0,0,0,0,0,0,,,152,0,1,4,0,0.0,0.01,0.03,main,,0,1
93,terraform-octk-aws-sea-dns,BCDevOps,BCDevOps/terraform-octk-aws-sea-dns,https://github.com/BCDevOps/terraform-octk-aws-sea-dns,,,0,0,9,False,False,False,False,False,True,True,True,True,True,True,2020-11-27T22:08:57Z,2021-02-26T05:18:27Z,2021-02-12T20:27:16Z,True,True,True,True,False,False,False,True,True,False,False,True,False,False,False,0,0,0,0,0,0,Apache License 2.0,Contributor Covenant,152,0,0,3,0,0.0,0.0,0.02,master,HCL,0,0
94,terraform-octk-tfc-workspace-set,BCDevOps,BCDevOps/terraform-octk-tfc-workspace-set,https://github.com/BCDevOps/terraform-octk-tfc-workspace-set,,A Terraform module for provisioning a set of Terraform Cloud workspaces for a team.,0,1,10,False,False,False,False,False,True,True,True,True,True,True,2020-12-01T23:27:04Z,2021-01-22T22:27:49Z,2021-01-22T23:01:36Z,True,True,True,True,False,False,False,True,True,False,False,True,False,False,False,0,0,0,0,0,0,Apache License 2.0,Contributor Covenant,148,0,1,3,0,0.0,0.01,0.02,master,HCL,0,1
95,cloud-guardrails-aws,BCDevOps,BCDevOps/cloud-guardrails-aws,https://github.com/BCDevOps/cloud-guardrails-aws,,Tools to support cloud guardrails implementation and compliance checks for AWS.,0,0,1756,True,False,False,False,False,False,True,True,True,True,True,2020-12-03T00:27:11Z,2020-12-03T00:27:13Z,2020-01-09T00:24:23Z,True,True,True,False,False,True,False,True,True,False,False,True,False,False,False,0,0,0,0,0,0,MIT License,,146,0,0,39,0,0.0,0.0,0.27,master,Shell,0,0
96,allure-framework-openshift,BCDevOps,BCDevOps/allure-framework-openshift,https://github.com/BCDevOps/allure-framework-openshift,,Openshift configurations to run Allure,0,2,70,False,False,False,False,False,True,True,True,True,True,True,2020-12-04T17:15:40Z,2021-03-31T13:33:53Z,2021-03-31T13:33:50Z,True,True,True,True,False,False,False,False,True,True,False,True,False,False,False,0,0,0,0,0,0,Apache License 2.0,Contributor Covenant,145,0,5,30,0,0.0,0.03,0.21,main,Shell_Dockerfile,0,3
97,sig-cli,BCDevOps,BCDevOps/sig-cli,https://github.com/BCDevOps/sig-cli,,Special Interest Group on Developing (SIG) Command Line Interface (CLI),0,0,5,False,False,False,False,False,True,True,True,True,True,True,2020-12-10T20:08:50Z,2020-12-10T20:08:59Z,2020-12-10T20:08:56Z,True,True,False,False,False,False,False,False,True,False,False,True,False,False,False,0,0,0,0,0,0,Apache License 2.0,,139,0,0,1,0,0.0,0.0,0.01,main,,0,0
98,terraform-octk-aws-sea-network-info,BCDevOps,BCDevOps/terraform-octk-aws-sea-network-info,https://github.com/BCDevOps/terraform-octk-aws-sea-network-info,,,0,2,13,False,False,False,False,False,True,True,True,True,True,True,2021-01-13T19:02:33Z,2021-04-13T00:44:23Z,2021-04-13T00:47:16Z,True,True,True,True,False,False,False,True,True,False,False,True,False,False,False,0,0,0,0,0,0,Apache License 2.0,Contributor Covenant,105,0,1,11,0,0.0,0.01,0.1,master,HCL,0,1
99,terraform-octk-aws-workload-alb,BCDevOps,BCDevOps/terraform-octk-aws-workload-alb,https://github.com/BCDevOps/terraform-octk-aws-workload-alb,,,0,1,15,False,False,False,False,False,True,True,True,True,True,True,2021-01-13T19:04:04Z,2021-03-05T21:23:47Z,2021-03-05T21:23:45Z,True,True,True,True,False,False,False,True,True,False,False,True,False,False,False,0,0,0,0,0,0,Apache License 2.0,Contributor Covenant,105,0,1,12,0,0.0,0.01,0.11,master,HCL,0,0
100,platform-services-documize,BCDevOps,BCDevOps/platform-services-documize,https://github.com/BCDevOps/platform-services-documize,,,0,0,90,False,False,False,False,False,True,True,True,False,False,True,2021-01-21T17:10:12Z,2021-03-19T17:15:15Z,2021-03-19T17:15:13Z,True,True,False,False,False,False,False,False,True,False,False,True,False,False,False,0,0,0,0,0,0,Apache License 2.0,,97,12,5,4,0,0.12,0.05,0.04,main,,0,3
101,terraform-octk-aws-sea-routing,BCDevOps,BCDevOps/terraform-octk-aws-sea-routing,https://github.com/BCDevOps/terraform-octk-aws-sea-routing,,A Terraform module to automate creation of routing resources for services running within and AWS SEA Landing Zone.,0,0,18,False,False,False,False,False,True,True,True,True,True,True,2021-02-04T23:01:00Z,2021-03-10T22:46:51Z,2021-03-10T22:46:49Z,True,True,True,True,False,False,False,True,True,False,False,True,False,False,False,0,0,0,0,0,0,Apache License 2.0,Contributor Covenant,83,0,1,8,0,0.0,0.01,0.1,master,HCL,0,1
102,terraform-octk-aws-workload-ecr,BCDevOps,BCDevOps/terraform-octk-aws-workload-ecr,https://github.com/BCDevOps/terraform-octk-aws-workload-ecr,,A Terraform module to automate creation and management of Elastic Container Registries within an AWS landing zone/SEA.,0,1,9,False,False,False,False,False,True,True,True,True,True,True,2021-02-18T21:45:25Z,2021-03-18T17:37:42Z,2021-03-18T17:37:53Z,True,True,True,True,False,False,False,True,True,False,False,True,False,False,False,0,0,0,0,0,0,Apache License 2.0,Contributor Covenant,69,0,0,3,0,0.0,0.0,0.04,master,HCL,0,0
103,terraform-octk-aws-sea-rocketchat-notifications,BCDevOps,BCDevOps/terraform-octk-aws-sea-rocketchat-notifications,https://github.com/BCDevOps/terraform-octk-aws-sea-rocketchat-notifications,,,0,1,13,False,False,False,False,False,True,True,True,True,True,True,2021-02-19T22:25:38Z,2021-02-19T22:26:21Z,2021-03-30T19:22:48Z,True,True,True,True,False,False,False,True,True,False,False,True,False,False,False,0,0,0,0,0,0,Apache License 2.0,Contributor Covenant,68,0,1,3,0,0.0,0.01,0.04,master,Python_HCL,0,1
104,terraform-aws-sea-organization-info-extended,BCDevOps,BCDevOps/terraform-aws-sea-organization-info-extended,https://github.com/BCDevOps/terraform-aws-sea-organization-info-extended,,"A Terraform module that produces a 'view' of an SEA-based AWS Organization, along with 'extended' metadata extracted from account-level tags.",0,0,11,False,False,False,False,False,True,True,True,True,True,True,2021-03-15T17:32:04Z,2021-03-26T14:29:34Z,2021-03-26T14:29:32Z,True,True,True,True,False,False,False,True,True,False,False,True,False,False,False,0,0,0,0,0,0,Apache License 2.0,Contributor Covenant,44,0,0,4,0,0.0,0.0,0.09,master,HCL,0,0
105,terraform-octk-aws-sea-billing-reports,BCDevOps,BCDevOps/terraform-octk-aws-sea-billing-reports,https://github.com/BCDevOps/terraform-octk-aws-sea-billing-reports,,,0,0,34,False,False,True,False,False,True,True,True,True,True,True,2021-03-26T14:37:56Z,2021-05-06T22:25:59Z,2021-05-06T22:25:56Z,,,,,,,,,,,,,,,,0,0,0,0,0,0,Apache License 2.0,Contributor Covenant,33,0,0,7,0,0.0,0.0,0.21,master,HCL_Python_Makefile_Shell_HTML,0,0
106,openshift-quota-rec,BCDevOps,BCDevOps/openshift-quota-rec,https://github.com/BCDevOps/openshift-quota-rec,,"An exercise for assessing the Province of BC's OpenShift quota, resource, limit and usage patterns by development teams, and making various data models and recommendations for improving resource allocation and capacity planning.",0,0,5707,False,False,True,False,False,True,True,True,True,True,True,2021-03-31T21:34:55Z,2021-05-05T15:21:56Z,2021-05-05T15:21:54Z,,,,,,,,,,,,,,,,0,0,0,0,0,0,,,28,0,4,21,0,0.0,0.14,0.75,main,Python,0,1
107,terraform-octk-aws-sea-client-vpn-setup,BCDevOps,BCDevOps/terraform-octk-aws-sea-client-vpn-setup,https://github.com/BCDevOps/terraform-octk-aws-sea-client-vpn-setup,,,0,0,14,False,False,False,False,False,True,True,True,True,True,True,2021-04-09T19:26:01Z,2021-05-06T23:50:31Z,2021-05-06T23:50:29Z,True,True,True,True,False,False,False,True,True,False,False,True,False,False,False,0,0,0,0,0,0,Apache License 2.0,Contributor Covenant,19,0,0,1,0,0.0,0.0,0.05,main,HCL,0,0
