Repository,license-file-exists,readme-file-exists,contributing-file-exists,code-of-conduct-file-exists,changelog-file-exists,security-file-exists,support-file-exists,readme-references-license,binaries-not-present,test-directory-exists,integrates-with-ci,code-of-conduct-file-contains-email,source-license-headers-exist,github-issue-template-exists,github-pull-request-template-exists,javascript-package-metadata-exists,ruby-package-metadata-exists,java-package-metadata-exists,python-package-metadata-exists,objective-c-package-metadata-exists,swift-package-metadata-exists,erlang-package-metadata-exists,elixir-package-metadata-exists,license-detectable-by-licensee,notice-file-exists
openshift-workshop,PASSED,PASSED,NOT_PASSED_ERROR,NOT_PASSED_ERROR,NOT_PASSED_ERROR,NOT_PASSED_ERROR,NOT_PASSED_ERROR,PASSED,PASSED,NOT_PASSED_ERROR,NOT_PASSED_ERROR,PASSED,NOT_PASSED_WARN,NOT_PASSED_ERROR,NOT_PASSED_ERROR,IGNORED,IGNORED,IGNORED,IGNORED,IGNORED,IGNORED,IGNORED,IGNORED,IGNORED,IGNORED
gigles,PASSED,PASSED,NOT_PASSED_ERROR,NOT_PASSED_ERROR,NOT_PASSED_ERROR,NOT_PASSED_ERROR,NOT_PASSED_ERROR,NOT_PASSED_ERROR,PASSED,NOT_PASSED_ERROR,NOT_PASSED_ERROR,PASSED,NOT_PASSED_WARN,NOT_PASSED_ERROR,NOT_PASSED_ERROR,IGNORED,IGNORED,IGNORED,IGNORED,IGNORED,IGNORED,IGNORED,IGNORED,IGNORED,IGNORED
templates,PASSED,PASSED,NOT_PASSED_ERROR,NOT_PASSED_ERROR,NOT_PASSED_ERROR,NOT_PASSED_ERROR,NOT_PASSED_ERROR,NOT_PASSED_ERROR,PASSED,NOT_PASSED_ERROR,NOT_PASSED_ERROR,PASSED,NOT_PASSED_WARN,NOT_PASSED_ERROR,NOT_PASSED_ERROR,IGNORED,IGNORED,IGNORED,IGNORED,IGNORED,IGNORED,IGNORED,IGNORED,IGNORED,IGNORED
openshift-components,PASSED,PASSED,NOT_PASSED_ERROR,NOT_PASSED_ERROR,NOT_PASSED_ERROR,NOT_PASSED_ERROR,NOT_PASSED_ERROR,PASSED,PASSED,NOT_PASSED_ERROR,NOT_PASSED_ERROR,PASSED,NOT_PASSED_WARN,NOT_PASSED_ERROR,NOT_PASSED_ERROR,IGNORED,IGNORED,IGNORED,IGNORED,IGNORED,IGNORED,IGNORED,IGNORED,IGNORED,IGNORED
issues-and-solutions,PASSED,PASSED,NOT_PASSED_ERROR,NOT_PASSED_ERROR,NOT_PASSED_ERROR,NOT_PASSED_ERROR,NOT_PASSED_ERROR,NOT_PASSED_ERROR,PASSED,NOT_PASSED_ERROR,NOT_PASSED_ERROR,PASSED,NOT_PASSED_WARN,NOT_PASSED_ERROR,NOT_PASSED_ERROR,IGNORED,IGNORED,IGNORED,IGNORED,IGNORED,IGNORED,IGNORED,IGNORED,IGNORED,IGNORED
meta-guide-docker,PASSED,PASSED,NOT_PASSED_ERROR,NOT_PASSED_ERROR,NOT_PASSED_ERROR,NOT_PASSED_ERROR,NOT_PASSED_ERROR,NOT_PASSED_ERROR,PASSED,NOT_PASSED_ERROR,NOT_PASSED_ERROR,PASSED,NOT_PASSED_WARN,NOT_PASSED_ERROR,NOT_PASSED_ERROR,IGNORED,IGNORED,IGNORED,IGNORED,IGNORED,IGNORED,IGNORED,IGNORED,IGNORED,IGNORED
openopps-platform,PASSED,PASSED,PASSED,NOT_PASSED_ERROR,NOT_PASSED_ERROR,NOT_PASSED_ERROR,NOT_PASSED_ERROR,PASSED,PASSED,PASSED,PASSED,PASSED,NOT_PASSED_WARN,NOT_PASSED_ERROR,NOT_PASSED_ERROR,IGNORED,IGNORED,IGNORED,IGNORED,IGNORED,IGNORED,IGNORED,IGNORED,IGNORED,IGNORED
illr,PASSED,PASSED,NOT_PASSED_ERROR,NOT_PASSED_ERROR,NOT_PASSED_ERROR,NOT_PASSED_ERROR,NOT_PASSED_ERROR,NOT_PASSED_ERROR,PASSED,NOT_PASSED_ERROR,NOT_PASSED_ERROR,PASSED,NOT_PASSED_WARN,NOT_PASSED_ERROR,NOT_PASSED_ERROR,IGNORED,IGNORED,IGNORED,IGNORED,IGNORED,IGNORED,IGNORED,IGNORED,IGNORED,IGNORED
shiftbot,PASSED,PASSED,NOT_PASSED_ERROR,NOT_PASSED_ERROR,NOT_PASSED_ERROR,NOT_PASSED_ERROR,NOT_PASSED_ERROR,NOT_PASSED_ERROR,PASSED,NOT_PASSED_ERROR,NOT_PASSED_ERROR,PASSED,NOT_PASSED_WARN,NOT_PASSED_ERROR,NOT_PASSED_ERROR,IGNORED,IGNORED,IGNORED,IGNORED,IGNORED,IGNORED,IGNORED,IGNORED,IGNORED,IGNORED
openshift-tools,PASSED,PASSED,NOT_PASSED_ERROR,NOT_PASSED_ERROR,NOT_PASSED_ERROR,NOT_PASSED_ERROR,NOT_PASSED_ERROR,NOT_PASSED_ERROR,PASSED,PASSED,NOT_PASSED_ERROR,PASSED,NOT_PASSED_WARN,NOT_PASSED_ERROR,NOT_PASSED_ERROR,IGNORED,IGNORED,IGNORED,IGNORED,IGNORED,IGNORED,IGNORED,IGNORED,IGNORED,IGNORED
openshift-jee-sample,NOT_PASSED_ERROR,PASSED,NOT_PASSED_ERROR,NOT_PASSED_ERROR,NOT_PASSED_ERROR,NOT_PASSED_ERROR,NOT_PASSED_ERROR,NOT_PASSED_ERROR,PASSED,NOT_PASSED_ERROR,NOT_PASSED_ERROR,PASSED,NOT_PASSED_WARN,NOT_PASSED_ERROR,NOT_PASSED_ERROR,IGNORED,IGNORED,IGNORED,IGNORED,IGNORED,IGNORED,IGNORED,IGNORED,IGNORED,IGNORED
jee-wildfly-test,PASSED,PASSED,NOT_PASSED_ERROR,NOT_PASSED_ERROR,NOT_PASSED_ERROR,NOT_PASSED_ERROR,NOT_PASSED_ERROR,NOT_PASSED_ERROR,PASSED,NOT_PASSED_ERROR,NOT_PASSED_ERROR,PASSED,NOT_PASSED_WARN,NOT_PASSED_ERROR,NOT_PASSED_ERROR,IGNORED,IGNORED,IGNORED,IGNORED,IGNORED,IGNORED,IGNORED,IGNORED,IGNORED,IGNORED
s2i-nginx,PASSED,PASSED,NOT_PASSED_ERROR,NOT_PASSED_ERROR,NOT_PASSED_ERROR,NOT_PASSED_ERROR,NOT_PASSED_ERROR,NOT_PASSED_ERROR,PASSED,PASSED,PASSED,PASSED,NOT_PASSED_WARN,NOT_PASSED_ERROR,NOT_PASSED_ERROR,IGNORED,IGNORED,IGNORED,IGNORED,IGNORED,IGNORED,IGNORED,IGNORED,IGNORED,IGNORED
s2i-nginx-example,PASSED,PASSED,NOT_PASSED_ERROR,NOT_PASSED_ERROR,NOT_PASSED_ERROR,NOT_PASSED_ERROR,NOT_PASSED_ERROR,NOT_PASSED_ERROR,PASSED,NOT_PASSED_ERROR,NOT_PASSED_ERROR,PASSED,NOT_PASSED_WARN,NOT_PASSED_ERROR,NOT_PASSED_ERROR,IGNORED,IGNORED,IGNORED,IGNORED,IGNORED,IGNORED,IGNORED,IGNORED,IGNORED,IGNORED
nodejs-ex,NOT_PASSED_ERROR,PASSED,NOT_PASSED_ERROR,NOT_PASSED_ERROR,NOT_PASSED_ERROR,NOT_PASSED_ERROR,NOT_PASSED_ERROR,PASSED,PASSED,PASSED,NOT_PASSED_ERROR,PASSED,NOT_PASSED_WARN,NOT_PASSED_ERROR,NOT_PASSED_ERROR,IGNORED,IGNORED,IGNORED,IGNORED,IGNORED,IGNORED,IGNORED,IGNORED,IGNORED,IGNORED
s2i-nginx-npm,PASSED,PASSED,NOT_PASSED_ERROR,NOT_PASSED_ERROR,NOT_PASSED_ERROR,NOT_PASSED_ERROR,NOT_PASSED_ERROR,NOT_PASSED_ERROR,PASSED,PASSED,PASSED,PASSED,NOT_PASSED_WARN,NOT_PASSED_ERROR,NOT_PASSED_ERROR,IGNORED,IGNORED,IGNORED,IGNORED,IGNORED,IGNORED,IGNORED,IGNORED,IGNORED,IGNORED
tree-model-bower,PASSED,PASSED,NOT_PASSED_ERROR,NOT_PASSED_ERROR,NOT_PASSED_ERROR,NOT_PASSED_ERROR,NOT_PASSED_ERROR,NOT_PASSED_ERROR,PASSED,NOT_PASSED_ERROR,NOT_PASSED_ERROR,PASSED,NOT_PASSED_WARN,NOT_PASSED_ERROR,NOT_PASSED_ERROR,IGNORED,IGNORED,IGNORED,IGNORED,IGNORED,IGNORED,IGNORED,IGNORED,IGNORED,IGNORED
BCDevOps-Guide,PASSED,PASSED,NOT_PASSED_ERROR,NOT_PASSED_ERROR,NOT_PASSED_ERROR,NOT_PASSED_ERROR,NOT_PASSED_ERROR,PASSED,PASSED,NOT_PASSED_ERROR,NOT_PASSED_ERROR,PASSED,NOT_PASSED_WARN,NOT_PASSED_ERROR,NOT_PASSED_ERROR,IGNORED,IGNORED,IGNORED,IGNORED,IGNORED,IGNORED,IGNORED,IGNORED,IGNORED,IGNORED
pathfinder-jenkins,PASSED,PASSED,NOT_PASSED_ERROR,NOT_PASSED_ERROR,NOT_PASSED_ERROR,NOT_PASSED_ERROR,NOT_PASSED_ERROR,NOT_PASSED_ERROR,PASSED,NOT_PASSED_ERROR,NOT_PASSED_ERROR,PASSED,NOT_PASSED_WARN,NOT_PASSED_ERROR,NOT_PASSED_ERROR,IGNORED,IGNORED,IGNORED,IGNORED,IGNORED,IGNORED,IGNORED,IGNORED,IGNORED,IGNORED
sonar-pipeline,NOT_PASSED_ERROR,PASSED,NOT_PASSED_ERROR,NOT_PASSED_ERROR,NOT_PASSED_ERROR,NOT_PASSED_ERROR,NOT_PASSED_ERROR,NOT_PASSED_ERROR,PASSED,PASSED,PASSED,PASSED,NOT_PASSED_WARN,NOT_PASSED_ERROR,NOT_PASSED_ERROR,IGNORED,IGNORED,IGNORED,IGNORED,IGNORED,IGNORED,IGNORED,IGNORED,IGNORED,IGNORED
pathfinder,PASSED,PASSED,PASSED,PASSED,NOT_PASSED_ERROR,NOT_PASSED_ERROR,NOT_PASSED_ERROR,PASSED,PASSED,NOT_PASSED_ERROR,NOT_PASSED_ERROR,PASSED,NOT_PASSED_WARN,NOT_PASSED_ERROR,NOT_PASSED_ERROR,IGNORED,IGNORED,IGNORED,IGNORED,IGNORED,IGNORED,IGNORED,IGNORED,IGNORED,IGNORED
s2i-caddy,PASSED,PASSED,NOT_PASSED_ERROR,NOT_PASSED_ERROR,NOT_PASSED_ERROR,NOT_PASSED_ERROR,NOT_PASSED_ERROR,PASSED,PASSED,PASSED,PASSED,PASSED,NOT_PASSED_WARN,NOT_PASSED_ERROR,NOT_PASSED_ERROR,IGNORED,IGNORED,IGNORED,IGNORED,IGNORED,IGNORED,IGNORED,IGNORED,IGNORED,IGNORED
openshift-wiki,PASSED,PASSED,NOT_PASSED_ERROR,NOT_PASSED_ERROR,NOT_PASSED_ERROR,NOT_PASSED_ERROR,NOT_PASSED_ERROR,NOT_PASSED_ERROR,PASSED,PASSED,PASSED,PASSED,NOT_PASSED_WARN,NOT_PASSED_ERROR,NOT_PASSED_ERROR,IGNORED,IGNORED,IGNORED,IGNORED,IGNORED,IGNORED,IGNORED,IGNORED,IGNORED,IGNORED
exo-community,NOT_PASSED_ERROR,PASSED,NOT_PASSED_ERROR,NOT_PASSED_ERROR,NOT_PASSED_ERROR,NOT_PASSED_ERROR,NOT_PASSED_ERROR,NOT_PASSED_ERROR,PASSED,NOT_PASSED_ERROR,NOT_PASSED_ERROR,PASSED,NOT_PASSED_WARN,NOT_PASSED_ERROR,NOT_PASSED_ERROR,IGNORED,IGNORED,IGNORED,IGNORED,IGNORED,IGNORED,IGNORED,IGNORED,IGNORED,IGNORED
opendev-template,PASSED,PASSED,PASSED,PASSED,NOT_PASSED_ERROR,NOT_PASSED_ERROR,NOT_PASSED_ERROR,PASSED,PASSED,NOT_PASSED_ERROR,PASSED,PASSED,NOT_PASSED_WARN,NOT_PASSED_ERROR,NOT_PASSED_ERROR,IGNORED,IGNORED,IGNORED,IGNORED,IGNORED,IGNORED,IGNORED,IGNORED,IGNORED,IGNORED
jenkins,NOT_PASSED_ERROR,PASSED,NOT_PASSED_ERROR,NOT_PASSED_ERROR,NOT_PASSED_ERROR,NOT_PASSED_ERROR,NOT_PASSED_ERROR,NOT_PASSED_ERROR,PASSED,PASSED,NOT_PASSED_ERROR,PASSED,NOT_PASSED_WARN,NOT_PASSED_ERROR,NOT_PASSED_ERROR,IGNORED,IGNORED,IGNORED,IGNORED,IGNORED,IGNORED,IGNORED,IGNORED,IGNORED,IGNORED
examples,PASSED,PASSED,NOT_PASSED_ERROR,NOT_PASSED_ERROR,NOT_PASSED_ERROR,NOT_PASSED_ERROR,NOT_PASSED_ERROR,NOT_PASSED_ERROR,PASSED,PASSED,NOT_PASSED_ERROR,PASSED,NOT_PASSED_WARN,NOT_PASSED_ERROR,PASSED,IGNORED,IGNORED,IGNORED,IGNORED,IGNORED,IGNORED,IGNORED,IGNORED,IGNORED,IGNORED
openshift-templates,PASSED,PASSED,NOT_PASSED_ERROR,NOT_PASSED_ERROR,NOT_PASSED_ERROR,NOT_PASSED_ERROR,NOT_PASSED_ERROR,NOT_PASSED_ERROR,PASSED,NOT_PASSED_ERROR,NOT_PASSED_ERROR,PASSED,NOT_PASSED_WARN,NOT_PASSED_ERROR,NOT_PASSED_ERROR,IGNORED,IGNORED,IGNORED,IGNORED,IGNORED,IGNORED,IGNORED,IGNORED,IGNORED,IGNORED
openshift-developer-tools,PASSED,PASSED,NOT_PASSED_ERROR,NOT_PASSED_ERROR,NOT_PASSED_ERROR,NOT_PASSED_ERROR,NOT_PASSED_ERROR,NOT_PASSED_ERROR,PASSED,PASSED,NOT_PASSED_ERROR,PASSED,NOT_PASSED_WARN,NOT_PASSED_ERROR,NOT_PASSED_ERROR,IGNORED,IGNORED,IGNORED,IGNORED,IGNORED,IGNORED,IGNORED,IGNORED,IGNORED,IGNORED
minio-openshift,PASSED,PASSED,PASSED,PASSED,NOT_PASSED_ERROR,NOT_PASSED_ERROR,NOT_PASSED_ERROR,PASSED,PASSED,NOT_PASSED_ERROR,PASSED,PASSED,NOT_PASSED_WARN,NOT_PASSED_ERROR,NOT_PASSED_ERROR,IGNORED,IGNORED,IGNORED,IGNORED,IGNORED,IGNORED,IGNORED,IGNORED,IGNORED,IGNORED
BDDStack,PASSED,PASSED,NOT_PASSED_ERROR,NOT_PASSED_ERROR,NOT_PASSED_ERROR,NOT_PASSED_ERROR,NOT_PASSED_ERROR,PASSED,PASSED,PASSED,NOT_PASSED_ERROR,PASSED,NOT_PASSED_WARN,NOT_PASSED_ERROR,NOT_PASSED_ERROR,IGNORED,IGNORED,IGNORED,IGNORED,IGNORED,IGNORED,IGNORED,IGNORED,IGNORED,IGNORED
owasp-zap-openshift,NOT_PASSED_ERROR,PASSED,NOT_PASSED_ERROR,NOT_PASSED_ERROR,NOT_PASSED_ERROR,NOT_PASSED_ERROR,NOT_PASSED_ERROR,NOT_PASSED_ERROR,PASSED,NOT_PASSED_ERROR,NOT_PASSED_ERROR,PASSED,NOT_PASSED_WARN,NOT_PASSED_ERROR,NOT_PASSED_ERROR,IGNORED,IGNORED,IGNORED,IGNORED,IGNORED,IGNORED,IGNORED,IGNORED,IGNORED,IGNORED
innovation-lab-projects,PASSED,PASSED,NOT_PASSED_ERROR,NOT_PASSED_ERROR,NOT_PASSED_ERROR,NOT_PASSED_ERROR,NOT_PASSED_ERROR,NOT_PASSED_ERROR,PASSED,NOT_PASSED_ERROR,NOT_PASSED_ERROR,PASSED,NOT_PASSED_WARN,NOT_PASSED_ERROR,NOT_PASSED_ERROR,IGNORED,IGNORED,IGNORED,IGNORED,IGNORED,IGNORED,IGNORED,IGNORED,IGNORED,IGNORED
sonarqube,PASSED,PASSED,PASSED,PASSED,NOT_PASSED_ERROR,NOT_PASSED_ERROR,NOT_PASSED_ERROR,NOT_PASSED_ERROR,PASSED,NOT_PASSED_ERROR,NOT_PASSED_ERROR,PASSED,NOT_PASSED_WARN,NOT_PASSED_ERROR,NOT_PASSED_ERROR,IGNORED,IGNORED,IGNORED,IGNORED,IGNORED,IGNORED,IGNORED,IGNORED,IGNORED,IGNORED
OWASP-ZAP,PASSED,PASSED,NOT_PASSED_ERROR,NOT_PASSED_ERROR,NOT_PASSED_ERROR,NOT_PASSED_ERROR,NOT_PASSED_ERROR,NOT_PASSED_ERROR,PASSED,NOT_PASSED_ERROR,NOT_PASSED_ERROR,PASSED,NOT_PASSED_WARN,NOT_PASSED_ERROR,NOT_PASSED_ERROR,IGNORED,IGNORED,IGNORED,IGNORED,IGNORED,IGNORED,IGNORED,IGNORED,IGNORED,IGNORED
geb-mobile,NOT_PASSED_ERROR,PASSED,NOT_PASSED_ERROR,NOT_PASSED_ERROR,NOT_PASSED_ERROR,NOT_PASSED_ERROR,NOT_PASSED_ERROR,NOT_PASSED_ERROR,PASSED,PASSED,NOT_PASSED_ERROR,PASSED,NOT_PASSED_WARN,NOT_PASSED_ERROR,NOT_PASSED_ERROR,IGNORED,IGNORED,IGNORED,IGNORED,IGNORED,IGNORED,IGNORED,IGNORED,IGNORED,IGNORED
jenkins-pipeline-shared-lib,PASSED,PASSED,NOT_PASSED_ERROR,NOT_PASSED_ERROR,NOT_PASSED_ERROR,NOT_PASSED_ERROR,NOT_PASSED_ERROR,PASSED,PASSED,NOT_PASSED_ERROR,NOT_PASSED_ERROR,PASSED,NOT_PASSED_WARN,NOT_PASSED_ERROR,NOT_PASSED_ERROR,IGNORED,IGNORED,IGNORED,IGNORED,IGNORED,IGNORED,IGNORED,IGNORED,IGNORED,IGNORED
rhsso-examples,PASSED,PASSED,NOT_PASSED_ERROR,NOT_PASSED_ERROR,NOT_PASSED_ERROR,NOT_PASSED_ERROR,NOT_PASSED_ERROR,PASSED,PASSED,PASSED,NOT_PASSED_ERROR,PASSED,NOT_PASSED_WARN,NOT_PASSED_ERROR,NOT_PASSED_ERROR,IGNORED,IGNORED,IGNORED,IGNORED,IGNORED,IGNORED,IGNORED,IGNORED,IGNORED,IGNORED
pathfinder-static-web-pages,PASSED,PASSED,NOT_PASSED_ERROR,NOT_PASSED_ERROR,NOT_PASSED_ERROR,NOT_PASSED_ERROR,NOT_PASSED_ERROR,PASSED,PASSED,NOT_PASSED_ERROR,NOT_PASSED_ERROR,PASSED,NOT_PASSED_WARN,NOT_PASSED_ERROR,NOT_PASSED_ERROR,IGNORED,IGNORED,IGNORED,IGNORED,IGNORED,IGNORED,IGNORED,IGNORED,IGNORED,IGNORED
certbot,PASSED,PASSED,NOT_PASSED_ERROR,NOT_PASSED_ERROR,NOT_PASSED_ERROR,NOT_PASSED_ERROR,NOT_PASSED_ERROR,PASSED,PASSED,NOT_PASSED_ERROR,NOT_PASSED_ERROR,PASSED,NOT_PASSED_WARN,NOT_PASSED_ERROR,NOT_PASSED_ERROR,IGNORED,IGNORED,IGNORED,IGNORED,IGNORED,IGNORED,IGNORED,IGNORED,IGNORED,IGNORED
ocp-cd-pipeline,PASSED,PASSED,NOT_PASSED_ERROR,NOT_PASSED_ERROR,NOT_PASSED_ERROR,NOT_PASSED_ERROR,NOT_PASSED_ERROR,NOT_PASSED_ERROR,PASSED,NOT_PASSED_ERROR,NOT_PASSED_ERROR,PASSED,NOT_PASSED_WARN,NOT_PASSED_ERROR,NOT_PASSED_ERROR,IGNORED,IGNORED,IGNORED,IGNORED,IGNORED,IGNORED,IGNORED,IGNORED,IGNORED,IGNORED
keycloak-admin,PASSED,PASSED,NOT_PASSED_ERROR,NOT_PASSED_ERROR,NOT_PASSED_ERROR,NOT_PASSED_ERROR,NOT_PASSED_ERROR,PASSED,PASSED,NOT_PASSED_ERROR,NOT_PASSED_ERROR,PASSED,NOT_PASSED_WARN,NOT_PASSED_ERROR,NOT_PASSED_ERROR,IGNORED,IGNORED,IGNORED,IGNORED,IGNORED,IGNORED,IGNORED,IGNORED,IGNORED,IGNORED
developer-platform,PASSED,PASSED,PASSED,PASSED,NOT_PASSED_ERROR,NOT_PASSED_ERROR,NOT_PASSED_ERROR,PASSED,PASSED,NOT_PASSED_ERROR,PASSED,PASSED,NOT_PASSED_WARN,NOT_PASSED_ERROR,NOT_PASSED_ERROR,IGNORED,IGNORED,IGNORED,IGNORED,IGNORED,IGNORED,IGNORED,IGNORED,IGNORED,IGNORED
open-component-stewardship,PASSED,PASSED,NOT_PASSED_ERROR,NOT_PASSED_ERROR,NOT_PASSED_ERROR,NOT_PASSED_ERROR,NOT_PASSED_ERROR,NOT_PASSED_ERROR,PASSED,NOT_PASSED_ERROR,NOT_PASSED_ERROR,PASSED,NOT_PASSED_WARN,NOT_PASSED_ERROR,NOT_PASSED_ERROR,IGNORED,IGNORED,IGNORED,IGNORED,IGNORED,IGNORED,IGNORED,IGNORED,IGNORED,IGNORED
backup-container,PASSED,PASSED,PASSED,PASSED,NOT_PASSED_ERROR,NOT_PASSED_ERROR,NOT_PASSED_ERROR,PASSED,PASSED,NOT_PASSED_ERROR,NOT_PASSED_ERROR,PASSED,NOT_PASSED_WARN,NOT_PASSED_ERROR,NOT_PASSED_ERROR,IGNORED,IGNORED,IGNORED,IGNORED,IGNORED,IGNORED,IGNORED,IGNORED,IGNORED,IGNORED
devops-platform-workshops,PASSED,PASSED,NOT_PASSED_ERROR,NOT_PASSED_ERROR,NOT_PASSED_ERROR,NOT_PASSED_ERROR,NOT_PASSED_ERROR,NOT_PASSED_ERROR,PASSED,NOT_PASSED_ERROR,NOT_PASSED_ERROR,PASSED,NOT_PASSED_WARN,PASSED,NOT_PASSED_ERROR,IGNORED,IGNORED,IGNORED,IGNORED,IGNORED,IGNORED,IGNORED,IGNORED,IGNORED,IGNORED
devops-platform-workshops-labs,PASSED,PASSED,NOT_PASSED_ERROR,NOT_PASSED_ERROR,NOT_PASSED_ERROR,NOT_PASSED_ERROR,NOT_PASSED_ERROR,NOT_PASSED_ERROR,PASSED,NOT_PASSED_ERROR,NOT_PASSED_ERROR,PASSED,NOT_PASSED_WARN,NOT_PASSED_ERROR,NOT_PASSED_ERROR,IGNORED,IGNORED,IGNORED,IGNORED,IGNORED,IGNORED,IGNORED,IGNORED,IGNORED,IGNORED
provision-nfs-apb,PASSED,PASSED,PASSED,NOT_PASSED_ERROR,NOT_PASSED_ERROR,NOT_PASSED_ERROR,NOT_PASSED_ERROR,NOT_PASSED_ERROR,PASSED,NOT_PASSED_ERROR,NOT_PASSED_ERROR,PASSED,NOT_PASSED_WARN,NOT_PASSED_ERROR,NOT_PASSED_ERROR,IGNORED,IGNORED,IGNORED,IGNORED,IGNORED,IGNORED,IGNORED,IGNORED,IGNORED,IGNORED
platform-services,PASSED,PASSED,PASSED,NOT_PASSED_ERROR,NOT_PASSED_ERROR,NOT_PASSED_ERROR,NOT_PASSED_ERROR,NOT_PASSED_ERROR,PASSED,PASSED,PASSED,PASSED,NOT_PASSED_WARN,PASSED,NOT_PASSED_ERROR,IGNORED,IGNORED,IGNORED,IGNORED,IGNORED,IGNORED,IGNORED,IGNORED,IGNORED,IGNORED
pipeline-cli,PASSED,PASSED,NOT_PASSED_ERROR,NOT_PASSED_ERROR,NOT_PASSED_ERROR,NOT_PASSED_ERROR,NOT_PASSED_ERROR,NOT_PASSED_ERROR,PASSED,PASSED,PASSED,PASSED,NOT_PASSED_WARN,NOT_PASSED_ERROR,NOT_PASSED_ERROR,IGNORED,IGNORED,IGNORED,IGNORED,IGNORED,IGNORED,IGNORED,IGNORED,IGNORED,IGNORED
fathom-openshift,PASSED,PASSED,PASSED,PASSED,NOT_PASSED_ERROR,NOT_PASSED_ERROR,NOT_PASSED_ERROR,NOT_PASSED_ERROR,PASSED,PASSED,NOT_PASSED_ERROR,PASSED,NOT_PASSED_WARN,NOT_PASSED_ERROR,NOT_PASSED_ERROR,IGNORED,IGNORED,IGNORED,IGNORED,IGNORED,IGNORED,IGNORED,IGNORED,IGNORED,IGNORED
StorageMigration,PASSED,PASSED,NOT_PASSED_ERROR,NOT_PASSED_ERROR,NOT_PASSED_ERROR,NOT_PASSED_ERROR,NOT_PASSED_ERROR,NOT_PASSED_ERROR,PASSED,NOT_PASSED_ERROR,NOT_PASSED_ERROR,PASSED,NOT_PASSED_WARN,PASSED,NOT_PASSED_ERROR,IGNORED,IGNORED,IGNORED,IGNORED,IGNORED,IGNORED,IGNORED,IGNORED,IGNORED,IGNORED
matomo-openshift,PASSED,PASSED,PASSED,PASSED,NOT_PASSED_ERROR,NOT_PASSED_ERROR,NOT_PASSED_ERROR,NOT_PASSED_ERROR,PASSED,PASSED,NOT_PASSED_ERROR,PASSED,NOT_PASSED_WARN,NOT_PASSED_ERROR,NOT_PASSED_ERROR,IGNORED,IGNORED,IGNORED,IGNORED,IGNORED,IGNORED,IGNORED,IGNORED,IGNORED,IGNORED
go-crond,PASSED,PASSED,NOT_PASSED_ERROR,NOT_PASSED_ERROR,PASSED,NOT_PASSED_ERROR,NOT_PASSED_ERROR,PASSED,PASSED,NOT_PASSED_ERROR,NOT_PASSED_ERROR,PASSED,NOT_PASSED_WARN,NOT_PASSED_ERROR,NOT_PASSED_ERROR,IGNORED,IGNORED,IGNORED,IGNORED,IGNORED,IGNORED,IGNORED,IGNORED,IGNORED,IGNORED
bcdk,PASSED,PASSED,PASSED,NOT_PASSED_ERROR,NOT_PASSED_ERROR,NOT_PASSED_ERROR,NOT_PASSED_ERROR,PASSED,PASSED,NOT_PASSED_ERROR,PASSED,PASSED,NOT_PASSED_WARN,NOT_PASSED_ERROR,NOT_PASSED_ERROR,IGNORED,IGNORED,IGNORED,IGNORED,IGNORED,IGNORED,IGNORED,IGNORED,IGNORED,IGNORED
developer-engagement,NOT_PASSED_ERROR,PASSED,NOT_PASSED_ERROR,NOT_PASSED_ERROR,NOT_PASSED_ERROR,NOT_PASSED_ERROR,NOT_PASSED_ERROR,NOT_PASSED_ERROR,PASSED,NOT_PASSED_ERROR,NOT_PASSED_ERROR,PASSED,NOT_PASSED_WARN,NOT_PASSED_ERROR,NOT_PASSED_ERROR,IGNORED,IGNORED,IGNORED,IGNORED,IGNORED,IGNORED,IGNORED,IGNORED,IGNORED,IGNORED
docker-weasyprint,PASSED,PASSED,NOT_PASSED_ERROR,NOT_PASSED_ERROR,NOT_PASSED_ERROR,NOT_PASSED_ERROR,NOT_PASSED_ERROR,NOT_PASSED_ERROR,PASSED,PASSED,PASSED,PASSED,NOT_PASSED_WARN,NOT_PASSED_ERROR,NOT_PASSED_ERROR,IGNORED,IGNORED,IGNORED,IGNORED,IGNORED,IGNORED,IGNORED,IGNORED,IGNORED,IGNORED
platform-services-status-page-notifications,PASSED,PASSED,NOT_PASSED_ERROR,NOT_PASSED_ERROR,NOT_PASSED_ERROR,NOT_PASSED_ERROR,NOT_PASSED_ERROR,NOT_PASSED_ERROR,PASSED,NOT_PASSED_ERROR,NOT_PASSED_ERROR,PASSED,NOT_PASSED_WARN,NOT_PASSED_ERROR,NOT_PASSED_ERROR,IGNORED,IGNORED,IGNORED,IGNORED,IGNORED,IGNORED,IGNORED,IGNORED,IGNORED,IGNORED
nr-pipeline-ext,PASSED,PASSED,PASSED,NOT_PASSED_ERROR,NOT_PASSED_ERROR,NOT_PASSED_ERROR,NOT_PASSED_ERROR,NOT_PASSED_ERROR,PASSED,PASSED,PASSED,PASSED,NOT_PASSED_WARN,NOT_PASSED_ERROR,NOT_PASSED_ERROR,IGNORED,IGNORED,IGNORED,IGNORED,IGNORED,IGNORED,IGNORED,IGNORED,IGNORED,IGNORED
nr-jenkins-shared-lib,PASSED,PASSED,NOT_PASSED_ERROR,NOT_PASSED_ERROR,NOT_PASSED_ERROR,NOT_PASSED_ERROR,NOT_PASSED_ERROR,NOT_PASSED_ERROR,PASSED,NOT_PASSED_ERROR,NOT_PASSED_ERROR,PASSED,NOT_PASSED_WARN,NOT_PASSED_ERROR,NOT_PASSED_ERROR,IGNORED,IGNORED,IGNORED,IGNORED,IGNORED,IGNORED,IGNORED,IGNORED,IGNORED,IGNORED
nr-devops-tools,PASSED,NOT_PASSED_ERROR,NOT_PASSED_ERROR,NOT_PASSED_ERROR,NOT_PASSED_ERROR,NOT_PASSED_ERROR,NOT_PASSED_ERROR,PASSED,PASSED,NOT_PASSED_ERROR,NOT_PASSED_ERROR,PASSED,NOT_PASSED_WARN,NOT_PASSED_ERROR,NOT_PASSED_ERROR,IGNORED,IGNORED,IGNORED,IGNORED,IGNORED,IGNORED,IGNORED,IGNORED,IGNORED,IGNORED
eval-crunchydata,NOT_PASSED_ERROR,PASSED,NOT_PASSED_ERROR,NOT_PASSED_ERROR,NOT_PASSED_ERROR,NOT_PASSED_ERROR,NOT_PASSED_ERROR,NOT_PASSED_ERROR,PASSED,NOT_PASSED_ERROR,NOT_PASSED_ERROR,PASSED,NOT_PASSED_WARN,NOT_PASSED_ERROR,NOT_PASSED_ERROR,IGNORED,IGNORED,IGNORED,IGNORED,IGNORED,IGNORED,IGNORED,IGNORED,IGNORED,IGNORED
gh-deploy,PASSED,PASSED,PASSED,PASSED,NOT_PASSED_ERROR,NOT_PASSED_ERROR,NOT_PASSED_ERROR,NOT_PASSED_ERROR,PASSED,NOT_PASSED_ERROR,PASSED,PASSED,NOT_PASSED_WARN,PASSED,NOT_PASSED_ERROR,IGNORED,IGNORED,IGNORED,IGNORED,IGNORED,IGNORED,IGNORED,IGNORED,IGNORED,IGNORED
OpenShift4-RollOut,PASSED,PASSED,NOT_PASSED_ERROR,NOT_PASSED_ERROR,NOT_PASSED_ERROR,NOT_PASSED_ERROR,NOT_PASSED_ERROR,NOT_PASSED_ERROR,PASSED,NOT_PASSED_ERROR,NOT_PASSED_ERROR,PASSED,NOT_PASSED_WARN,PASSED,NOT_PASSED_ERROR,IGNORED,IGNORED,IGNORED,IGNORED,IGNORED,IGNORED,IGNORED,IGNORED,IGNORED,IGNORED
OpenShift4-Migration,PASSED,PASSED,NOT_PASSED_ERROR,NOT_PASSED_ERROR,NOT_PASSED_ERROR,NOT_PASSED_ERROR,NOT_PASSED_ERROR,NOT_PASSED_ERROR,PASSED,NOT_PASSED_ERROR,NOT_PASSED_ERROR,PASSED,NOT_PASSED_WARN,NOT_PASSED_ERROR,NOT_PASSED_ERROR,IGNORED,IGNORED,IGNORED,IGNORED,IGNORED,IGNORED,IGNORED,IGNORED,IGNORED,IGNORED
devops-requests,NOT_PASSED_ERROR,PASSED,NOT_PASSED_ERROR,NOT_PASSED_ERROR,NOT_PASSED_ERROR,NOT_PASSED_ERROR,NOT_PASSED_ERROR,NOT_PASSED_ERROR,PASSED,NOT_PASSED_ERROR,NOT_PASSED_ERROR,PASSED,NOT_PASSED_WARN,PASSED,NOT_PASSED_ERROR,IGNORED,IGNORED,IGNORED,IGNORED,IGNORED,IGNORED,IGNORED,IGNORED,IGNORED,IGNORED
developer-experience,PASSED,NOT_PASSED_ERROR,NOT_PASSED_ERROR,NOT_PASSED_ERROR,NOT_PASSED_ERROR,NOT_PASSED_ERROR,NOT_PASSED_ERROR,PASSED,PASSED,PASSED,NOT_PASSED_ERROR,PASSED,NOT_PASSED_WARN,PASSED,NOT_PASSED_ERROR,IGNORED,IGNORED,IGNORED,IGNORED,IGNORED,IGNORED,IGNORED,IGNORED,IGNORED,IGNORED
ha-tomcat9,PASSED,PASSED,NOT_PASSED_ERROR,NOT_PASSED_ERROR,NOT_PASSED_ERROR,NOT_PASSED_ERROR,NOT_PASSED_ERROR,NOT_PASSED_ERROR,PASSED,NOT_PASSED_ERROR,NOT_PASSED_ERROR,PASSED,NOT_PASSED_WARN,NOT_PASSED_ERROR,NOT_PASSED_ERROR,IGNORED,IGNORED,IGNORED,IGNORED,IGNORED,IGNORED,IGNORED,IGNORED,IGNORED,IGNORED
surveyjs-vue-scaffold,NOT_PASSED_ERROR,PASSED,NOT_PASSED_ERROR,NOT_PASSED_ERROR,NOT_PASSED_ERROR,NOT_PASSED_ERROR,NOT_PASSED_ERROR,NOT_PASSED_ERROR,PASSED,PASSED,NOT_PASSED_ERROR,PASSED,NOT_PASSED_WARN,NOT_PASSED_ERROR,NOT_PASSED_ERROR,IGNORED,IGNORED,IGNORED,IGNORED,IGNORED,IGNORED,IGNORED,IGNORED,IGNORED,IGNORED
managed-ocp,PASSED,PASSED,NOT_PASSED_ERROR,NOT_PASSED_ERROR,NOT_PASSED_ERROR,NOT_PASSED_ERROR,NOT_PASSED_ERROR,NOT_PASSED_ERROR,PASSED,NOT_PASSED_ERROR,PASSED,PASSED,NOT_PASSED_WARN,NOT_PASSED_ERROR,NOT_PASSED_ERROR,IGNORED,IGNORED,IGNORED,IGNORED,IGNORED,IGNORED,IGNORED,IGNORED,IGNORED,IGNORED
azure-landing-zone,PASSED,PASSED,NOT_PASSED_ERROR,NOT_PASSED_ERROR,NOT_PASSED_ERROR,NOT_PASSED_ERROR,NOT_PASSED_ERROR,NOT_PASSED_ERROR,PASSED,NOT_PASSED_ERROR,NOT_PASSED_ERROR,PASSED,NOT_PASSED_WARN,NOT_PASSED_ERROR,NOT_PASSED_ERROR,IGNORED,IGNORED,IGNORED,IGNORED,IGNORED,IGNORED,IGNORED,IGNORED,IGNORED,IGNORED
gcp-landing-zone,PASSED,PASSED,NOT_PASSED_ERROR,NOT_PASSED_ERROR,NOT_PASSED_ERROR,NOT_PASSED_ERROR,NOT_PASSED_ERROR,NOT_PASSED_ERROR,PASSED,NOT_PASSED_ERROR,NOT_PASSED_ERROR,PASSED,NOT_PASSED_WARN,NOT_PASSED_ERROR,NOT_PASSED_ERROR,IGNORED,IGNORED,IGNORED,IGNORED,IGNORED,IGNORED,IGNORED,IGNORED,IGNORED,IGNORED
nr-elasticsearch-stack,PASSED,PASSED,NOT_PASSED_ERROR,NOT_PASSED_ERROR,NOT_PASSED_ERROR,NOT_PASSED_ERROR,NOT_PASSED_ERROR,NOT_PASSED_ERROR,PASSED,NOT_PASSED_ERROR,NOT_PASSED_ERROR,PASSED,NOT_PASSED_WARN,NOT_PASSED_ERROR,NOT_PASSED_ERROR,IGNORED,IGNORED,IGNORED,IGNORED,IGNORED,IGNORED,IGNORED,IGNORED,IGNORED,IGNORED
aws-saml2sts-bookmarklet,PASSED,PASSED,PASSED,PASSED,NOT_PASSED_ERROR,NOT_PASSED_ERROR,NOT_PASSED_ERROR,PASSED,PASSED,NOT_PASSED_ERROR,NOT_PASSED_ERROR,NOT_PASSED_ERROR,NOT_PASSED_WARN,NOT_PASSED_ERROR,NOT_PASSED_ERROR,IGNORED,IGNORED,IGNORED,IGNORED,IGNORED,IGNORED,IGNORED,IGNORED,IGNORED,IGNORED
nrdk,PASSED,PASSED,NOT_PASSED_ERROR,NOT_PASSED_ERROR,NOT_PASSED_ERROR,NOT_PASSED_ERROR,NOT_PASSED_ERROR,PASSED,PASSED,PASSED,PASSED,PASSED,NOT_PASSED_WARN,NOT_PASSED_ERROR,NOT_PASSED_ERROR,IGNORED,IGNORED,IGNORED,IGNORED,IGNORED,IGNORED,IGNORED,IGNORED,IGNORED,IGNORED
aws-login,NOT_PASSED_ERROR,PASSED,PASSED,PASSED,NOT_PASSED_ERROR,NOT_PASSED_ERROR,NOT_PASSED_ERROR,PASSED,PASSED,NOT_PASSED_ERROR,NOT_PASSED_ERROR,NOT_PASSED_ERROR,NOT_PASSED_WARN,NOT_PASSED_ERROR,NOT_PASSED_ERROR,IGNORED,IGNORED,IGNORED,IGNORED,IGNORED,IGNORED,IGNORED,IGNORED,IGNORED,IGNORED
bcgov-terraform-module-template,PASSED,PASSED,PASSED,PASSED,NOT_PASSED_ERROR,NOT_PASSED_ERROR,NOT_PASSED_ERROR,PASSED,PASSED,NOT_PASSED_ERROR,NOT_PASSED_ERROR,PASSED,NOT_PASSED_WARN,NOT_PASSED_ERROR,NOT_PASSED_ERROR,IGNORED,IGNORED,IGNORED,IGNORED,IGNORED,IGNORED,IGNORED,IGNORED,IGNORED,IGNORED
terraform-aws-account-set,PASSED,PASSED,PASSED,PASSED,NOT_PASSED_ERROR,NOT_PASSED_ERROR,NOT_PASSED_ERROR,PASSED,PASSED,NOT_PASSED_ERROR,NOT_PASSED_ERROR,PASSED,NOT_PASSED_WARN,NOT_PASSED_ERROR,NOT_PASSED_ERROR,IGNORED,IGNORED,IGNORED,IGNORED,IGNORED,IGNORED,IGNORED,IGNORED,IGNORED,IGNORED
terraform-aws-organization-info,PASSED,PASSED,PASSED,PASSED,NOT_PASSED_ERROR,NOT_PASSED_ERROR,NOT_PASSED_ERROR,PASSED,PASSED,NOT_PASSED_ERROR,NOT_PASSED_ERROR,PASSED,NOT_PASSED_WARN,NOT_PASSED_ERROR,NOT_PASSED_ERROR,IGNORED,IGNORED,IGNORED,IGNORED,IGNORED,IGNORED,IGNORED,IGNORED,IGNORED,IGNORED
terraform-octk-tf-workspace,PASSED,PASSED,PASSED,PASSED,NOT_PASSED_ERROR,NOT_PASSED_ERROR,NOT_PASSED_ERROR,PASSED,PASSED,NOT_PASSED_ERROR,NOT_PASSED_ERROR,PASSED,NOT_PASSED_WARN,NOT_PASSED_ERROR,NOT_PASSED_ERROR,IGNORED,IGNORED,IGNORED,IGNORED,IGNORED,IGNORED,IGNORED,IGNORED,IGNORED,IGNORED
terraform-octk-aws-workspace,PASSED,PASSED,PASSED,PASSED,NOT_PASSED_ERROR,NOT_PASSED_ERROR,NOT_PASSED_ERROR,PASSED,PASSED,NOT_PASSED_ERROR,NOT_PASSED_ERROR,PASSED,NOT_PASSED_WARN,NOT_PASSED_ERROR,NOT_PASSED_ERROR,IGNORED,IGNORED,IGNORED,IGNORED,IGNORED,IGNORED,IGNORED,IGNORED,IGNORED,IGNORED
terraform-keycloak-role-group-simplification,PASSED,PASSED,PASSED,PASSED,NOT_PASSED_ERROR,NOT_PASSED_ERROR,NOT_PASSED_ERROR,PASSED,PASSED,NOT_PASSED_ERROR,NOT_PASSED_ERROR,PASSED,NOT_PASSED_WARN,NOT_PASSED_ERROR,NOT_PASSED_ERROR,IGNORED,IGNORED,IGNORED,IGNORED,IGNORED,IGNORED,IGNORED,IGNORED,IGNORED,IGNORED
terraform-octk-gcp-workspace,PASSED,PASSED,PASSED,PASSED,NOT_PASSED_ERROR,NOT_PASSED_ERROR,NOT_PASSED_ERROR,PASSED,PASSED,NOT_PASSED_ERROR,NOT_PASSED_ERROR,PASSED,NOT_PASSED_WARN,NOT_PASSED_ERROR,NOT_PASSED_ERROR,IGNORED,IGNORED,IGNORED,IGNORED,IGNORED,IGNORED,IGNORED,IGNORED,IGNORED,IGNORED
terraform-gcp-project-set,PASSED,PASSED,PASSED,PASSED,NOT_PASSED_ERROR,NOT_PASSED_ERROR,NOT_PASSED_ERROR,PASSED,PASSED,NOT_PASSED_ERROR,NOT_PASSED_ERROR,PASSED,NOT_PASSED_WARN,NOT_PASSED_ERROR,NOT_PASSED_ERROR,IGNORED,IGNORED,IGNORED,IGNORED,IGNORED,IGNORED,IGNORED,IGNORED,IGNORED,IGNORED
terraform-aws-keycloak-lz-sso-setup,PASSED,PASSED,PASSED,PASSED,NOT_PASSED_ERROR,NOT_PASSED_ERROR,NOT_PASSED_ERROR,PASSED,PASSED,NOT_PASSED_ERROR,NOT_PASSED_ERROR,PASSED,NOT_PASSED_WARN,NOT_PASSED_ERROR,NOT_PASSED_ERROR,IGNORED,IGNORED,IGNORED,IGNORED,IGNORED,IGNORED,IGNORED,IGNORED,IGNORED,IGNORED
terraform-aws-sea-organization-info,PASSED,PASSED,PASSED,PASSED,NOT_PASSED_ERROR,NOT_PASSED_ERROR,NOT_PASSED_ERROR,PASSED,PASSED,NOT_PASSED_ERROR,NOT_PASSED_ERROR,PASSED,NOT_PASSED_WARN,NOT_PASSED_ERROR,NOT_PASSED_ERROR,IGNORED,IGNORED,IGNORED,IGNORED,IGNORED,IGNORED,IGNORED,IGNORED,IGNORED,IGNORED
terraform-aws-sea-account-set,PASSED,PASSED,PASSED,PASSED,NOT_PASSED_ERROR,NOT_PASSED_ERROR,NOT_PASSED_ERROR,PASSED,PASSED,NOT_PASSED_ERROR,NOT_PASSED_ERROR,PASSED,NOT_PASSED_WARN,NOT_PASSED_ERROR,NOT_PASSED_ERROR,IGNORED,IGNORED,IGNORED,IGNORED,IGNORED,IGNORED,IGNORED,IGNORED,IGNORED,IGNORED
terraform-octk-aws-sea-workspace,PASSED,PASSED,PASSED,PASSED,NOT_PASSED_ERROR,NOT_PASSED_ERROR,NOT_PASSED_ERROR,PASSED,PASSED,NOT_PASSED_ERROR,NOT_PASSED_ERROR,PASSED,NOT_PASSED_WARN,NOT_PASSED_ERROR,NOT_PASSED_ERROR,IGNORED,IGNORED,IGNORED,IGNORED,IGNORED,IGNORED,IGNORED,IGNORED,IGNORED,IGNORED
aws-secure-environment-accelerator,PASSED,PASSED,PASSED,PASSED,PASSED,NOT_PASSED_ERROR,NOT_PASSED_ERROR,NOT_PASSED_ERROR,PASSED,PASSED,PASSED,PASSED,NOT_PASSED_WARN,PASSED,PASSED,IGNORED,IGNORED,IGNORED,IGNORED,IGNORED,IGNORED,IGNORED,IGNORED,IGNORED,IGNORED
terraform-octk-aws-workload-automation-setup,PASSED,PASSED,PASSED,PASSED,NOT_PASSED_ERROR,NOT_PASSED_ERROR,NOT_PASSED_ERROR,PASSED,PASSED,NOT_PASSED_ERROR,NOT_PASSED_ERROR,PASSED,NOT_PASSED_WARN,NOT_PASSED_ERROR,NOT_PASSED_ERROR,IGNORED,IGNORED,IGNORED,IGNORED,IGNORED,IGNORED,IGNORED,IGNORED,IGNORED,IGNORED
baserow,PASSED,PASSED,NOT_PASSED_ERROR,NOT_PASSED_ERROR,NOT_PASSED_ERROR,NOT_PASSED_ERROR,NOT_PASSED_ERROR,NOT_PASSED_ERROR,PASSED,NOT_PASSED_ERROR,NOT_PASSED_ERROR,PASSED,NOT_PASSED_WARN,NOT_PASSED_ERROR,NOT_PASSED_ERROR,IGNORED,IGNORED,IGNORED,IGNORED,IGNORED,IGNORED,IGNORED,IGNORED,IGNORED,IGNORED
terraform-octk-aws-keycloak-account-set-role-setup,PASSED,PASSED,PASSED,PASSED,NOT_PASSED_ERROR,NOT_PASSED_ERROR,NOT_PASSED_ERROR,PASSED,PASSED,NOT_PASSED_ERROR,NOT_PASSED_ERROR,PASSED,NOT_PASSED_WARN,NOT_PASSED_ERROR,NOT_PASSED_ERROR,IGNORED,IGNORED,IGNORED,IGNORED,IGNORED,IGNORED,IGNORED,IGNORED,IGNORED,IGNORED
cloudops,NOT_PASSED_ERROR,PASSED,NOT_PASSED_ERROR,NOT_PASSED_ERROR,NOT_PASSED_ERROR,NOT_PASSED_ERROR,NOT_PASSED_ERROR,NOT_PASSED_ERROR,PASSED,NOT_PASSED_ERROR,NOT_PASSED_ERROR,PASSED,NOT_PASSED_WARN,NOT_PASSED_ERROR,NOT_PASSED_ERROR,IGNORED,IGNORED,IGNORED,IGNORED,IGNORED,IGNORED,IGNORED,IGNORED,IGNORED,IGNORED
terraform-octk-aws-sea-dns,PASSED,PASSED,PASSED,PASSED,NOT_PASSED_ERROR,NOT_PASSED_ERROR,NOT_PASSED_ERROR,PASSED,PASSED,NOT_PASSED_ERROR,NOT_PASSED_ERROR,PASSED,NOT_PASSED_WARN,NOT_PASSED_ERROR,NOT_PASSED_ERROR,IGNORED,IGNORED,IGNORED,IGNORED,IGNORED,IGNORED,IGNORED,IGNORED,IGNORED,IGNORED
terraform-octk-tfc-workspace-set,PASSED,PASSED,PASSED,PASSED,NOT_PASSED_ERROR,NOT_PASSED_ERROR,NOT_PASSED_ERROR,PASSED,PASSED,NOT_PASSED_ERROR,NOT_PASSED_ERROR,PASSED,NOT_PASSED_WARN,NOT_PASSED_ERROR,NOT_PASSED_ERROR,IGNORED,IGNORED,IGNORED,IGNORED,IGNORED,IGNORED,IGNORED,IGNORED,IGNORED,IGNORED
cloud-guardrails-aws,PASSED,PASSED,PASSED,NOT_PASSED_ERROR,NOT_PASSED_ERROR,PASSED,NOT_PASSED_ERROR,PASSED,PASSED,NOT_PASSED_ERROR,NOT_PASSED_ERROR,PASSED,NOT_PASSED_WARN,NOT_PASSED_ERROR,NOT_PASSED_ERROR,IGNORED,IGNORED,IGNORED,IGNORED,IGNORED,IGNORED,IGNORED,IGNORED,IGNORED,IGNORED
allure-framework-openshift,PASSED,PASSED,PASSED,PASSED,NOT_PASSED_ERROR,NOT_PASSED_ERROR,NOT_PASSED_ERROR,NOT_PASSED_ERROR,PASSED,PASSED,NOT_PASSED_ERROR,PASSED,NOT_PASSED_WARN,NOT_PASSED_ERROR,NOT_PASSED_ERROR,IGNORED,IGNORED,IGNORED,IGNORED,IGNORED,IGNORED,IGNORED,IGNORED,IGNORED,IGNORED
sig-cli,PASSED,PASSED,NOT_PASSED_ERROR,NOT_PASSED_ERROR,NOT_PASSED_ERROR,NOT_PASSED_ERROR,NOT_PASSED_ERROR,NOT_PASSED_ERROR,PASSED,NOT_PASSED_ERROR,NOT_PASSED_ERROR,PASSED,NOT_PASSED_WARN,NOT_PASSED_ERROR,NOT_PASSED_ERROR,IGNORED,IGNORED,IGNORED,IGNORED,IGNORED,IGNORED,IGNORED,IGNORED,IGNORED,IGNORED
terraform-octk-aws-sea-network-info,PASSED,PASSED,PASSED,PASSED,NOT_PASSED_ERROR,NOT_PASSED_ERROR,NOT_PASSED_ERROR,PASSED,PASSED,NOT_PASSED_ERROR,NOT_PASSED_ERROR,PASSED,NOT_PASSED_WARN,NOT_PASSED_ERROR,NOT_PASSED_ERROR,IGNORED,IGNORED,IGNORED,IGNORED,IGNORED,IGNORED,IGNORED,IGNORED,IGNORED,IGNORED
terraform-octk-aws-workload-alb,PASSED,PASSED,PASSED,PASSED,NOT_PASSED_ERROR,NOT_PASSED_ERROR,NOT_PASSED_ERROR,PASSED,PASSED,NOT_PASSED_ERROR,NOT_PASSED_ERROR,PASSED,NOT_PASSED_WARN,NOT_PASSED_ERROR,NOT_PASSED_ERROR,IGNORED,IGNORED,IGNORED,IGNORED,IGNORED,IGNORED,IGNORED,IGNORED,IGNORED,IGNORED
platform-services-documize,PASSED,PASSED,NOT_PASSED_ERROR,NOT_PASSED_ERROR,NOT_PASSED_ERROR,NOT_PASSED_ERROR,NOT_PASSED_ERROR,NOT_PASSED_ERROR,PASSED,NOT_PASSED_ERROR,NOT_PASSED_ERROR,PASSED,NOT_PASSED_WARN,NOT_PASSED_ERROR,NOT_PASSED_ERROR,IGNORED,IGNORED,IGNORED,IGNORED,IGNORED,IGNORED,IGNORED,IGNORED,IGNORED,IGNORED
terraform-octk-aws-sea-routing,PASSED,PASSED,PASSED,PASSED,NOT_PASSED_ERROR,NOT_PASSED_ERROR,NOT_PASSED_ERROR,PASSED,PASSED,NOT_PASSED_ERROR,NOT_PASSED_ERROR,PASSED,NOT_PASSED_WARN,NOT_PASSED_ERROR,NOT_PASSED_ERROR,IGNORED,IGNORED,IGNORED,IGNORED,IGNORED,IGNORED,IGNORED,IGNORED,IGNORED,IGNORED
terraform-octk-aws-workload-ecr,PASSED,PASSED,PASSED,PASSED,NOT_PASSED_ERROR,NOT_PASSED_ERROR,NOT_PASSED_ERROR,PASSED,PASSED,NOT_PASSED_ERROR,NOT_PASSED_ERROR,PASSED,NOT_PASSED_WARN,NOT_PASSED_ERROR,NOT_PASSED_ERROR,IGNORED,IGNORED,IGNORED,IGNORED,IGNORED,IGNORED,IGNORED,IGNORED,IGNORED,IGNORED
terraform-octk-aws-sea-rocketchat-notifications,PASSED,PASSED,PASSED,PASSED,NOT_PASSED_ERROR,NOT_PASSED_ERROR,NOT_PASSED_ERROR,PASSED,PASSED,NOT_PASSED_ERROR,NOT_PASSED_ERROR,PASSED,NOT_PASSED_WARN,NOT_PASSED_ERROR,NOT_PASSED_ERROR,IGNORED,IGNORED,IGNORED,IGNORED,IGNORED,IGNORED,IGNORED,IGNORED,IGNORED,IGNORED
terraform-aws-sea-organization-info-extended,PASSED,PASSED,PASSED,PASSED,NOT_PASSED_ERROR,NOT_PASSED_ERROR,NOT_PASSED_ERROR,PASSED,PASSED,NOT_PASSED_ERROR,NOT_PASSED_ERROR,PASSED,NOT_PASSED_WARN,NOT_PASSED_ERROR,NOT_PASSED_ERROR,IGNORED,IGNORED,IGNORED,IGNORED,IGNORED,IGNORED,IGNORED,IGNORED,IGNORED,IGNORED
terraform-octk-aws-sea-client-vpn-setup,PASSED,PASSED,PASSED,PASSED,NOT_PASSED_ERROR,NOT_PASSED_ERROR,NOT_PASSED_ERROR,PASSED,PASSED,NOT_PASSED_ERROR,NOT_PASSED_ERROR,PASSED,NOT_PASSED_WARN,NOT_PASSED_ERROR,NOT_PASSED_ERROR,IGNORED,IGNORED,IGNORED,IGNORED,IGNORED,IGNORED,IGNORED,IGNORED,IGNORED,IGNORED
