Repository,DaysOpen,IssueCount,PrCount,CommitCount,AverageIssueCountPerDay,AveragePrCountPerDay,AverageCommitCountPerDay,DefaultBranchName,Languages
wqbc,2319,104,56,778,0.04,0.02,0.34,master,R_TeX_Rebol
BC-Policy-Framework-For-GitHub,2246,20,43,186,0.01,0.02,0.08,master,
bcgroundwater,2231,19,14,256,0.01,0.01,0.11,master,R_Makefile
groundwater-levels-indicator,2231,12,5,218,0.01,0,0.1,master,R_CSS_TeX
ckanext-googleanalytics,2201,0,6,105,0,0,0.05,master,Python_JavaScript_HTML
ckanext-hierarchy,2201,0,6,36,0,0,0.02,master,Python_HTML_JavaScript_CSS
ckanext-ga-report,2201,0,13,262,0,0.01,0.12,master,JavaScript_Python_HTML_CSS
EnvReportBC,2189,3,3,87,0,0,0.04,master,R
envreportutils,2189,12,18,247,0.01,0.01,0.11,master,R_CSS
CSB-eFile,2183,0,1,7,0,0,0,master,XSLT_HTML_Shell_JavaScript
ckanext-bcgov,2168,462,405,1429,0.21,0.19,0.66,dev,Python_HTML_JavaScript_CSS
bcmaps,2150,51,45,720,0.02,0.02,0.33,master,R
dbcrss,2142,5,23,192975,0,0.01,90.06,master,Python
bc-laws-api,2092,4,11,31,0,0.01,0.01,master,XSLT
rcaaqs,2072,42,12,719,0.02,0.01,0.35,master,R
ozone-caaqs-indicator,2072,6,10,273,0,0,0.13,master,R_CSS
pm25-caaqs-indicator,2072,6,9,221,0,0,0.11,master,R_CSS
esm-server,1989,1,527,5061,0,0.26,2.54,dev,JavaScript_HTML_CSS_Groovy_Shell_Dockerfile_Batchfile
datapusher,1981,0,1,236,0,0,0.12,master,Python
ltema,1981,2,1,6,0,0,0,master,JavaScript_Python_CSS
bearmon,1981,2,2,9,0,0,0,master,JavaScript_CSS_HTML
openconsult,1954,7,4,27,0,0,0.01,master,
protected-lands-and-waters-indicator,1932,4,5,187,0,0,0.1,main,R
BCDevExchange-app,1931,0,0,1042,0,0,0.54,master,JavaScript_CSS_HTML_ApacheConf_Shell
bc-population-indicator,1905,3,4,183,0,0,0.1,master,R
data-fp,1882,12,56,220,0.01,0.03,0.12,dev,JavaScript_SCSS_HTML_Dockerfile
nrs-sparx-automation,1879,2,2,5,0,0,0,master,JavaScript
playbook,1877,0,4,259,0,0,0.14,BCDev,CSS_JavaScript_HTML_Ruby
govHackServiceCatalogue,1876,0,2,3,0,0,0,bcv1,JavaScript
guides,1874,0,1,64,0,0,0.03,bcv1,Ruby_HTML_CSS
pages,1871,0,2,140,0,0,0.07,18f-pages,Ruby_HTML_CSS
guides-template,1870,0,2,271,0,0,0.14,18f-pages,HTML_Ruby_CSS
DBC-APIM,1870,106,1,450,0.06,0,0.24,master,JavaScript_CSS_HTML
cpf,1868,67,33,513,0.04,0.02,0.27,master,Java_JavaScript_HTML_Shell_CSS_Batchfile_PLSQL_PLpgSQL_VBScript
drivebc-webcam-api,1863,2,1,3,0,0,0,master,
databc-web-map-services,1861,4,2,6,0,0,0,master,
agile-guide,1857,2,3,268,0,0,0.14,18f-pages,Ruby_CSS
digital-toolkit,1856,16,56,424,0.01,0.03,0.23,master,CSS_JavaScript_HTML_Ruby_Shell_Dockerfile
eba-guide,1855,3,5,362,0,0,0.2,18f-pages,HTML_Ruby_CSS
bcdc-devops,1848,3,5,19,0,0,0.01,master,Shell_Python
data-fp-features,1847,5,22,79,0,0.01,0.04,master,HTML_CSS
issue-aggregator,1847,3,6,13,0,0,0.01,master,JavaScript
api-specs,1821,335,57,533,0.18,0.03,0.29,master,
DevEx-Roadmap,1799,9,10,400,0.01,0.01,0.22,18f-pages,HTML_CSS_Ruby
interactive-infographic,1790,8,11,82,0,0.01,0.05,master,HTML_CSS
service-patterns,1787,4,4,3,0,0,0,master,
piwik,1777,0,2,23086,0,0,12.99,master,PHP_JavaScript_HTML_CSS_C_Shell_Smarty_Makefile_Java_ApacheConf
Gov-2.0-Bootstrap-Skeleton,1748,12,11,37,0.01,0.01,0.02,master,HTML_CSS_JavaScript
ckan,1737,0,19,15969,0,0.01,9.19,2.5.5-bcgov,Python_CSS_JavaScript_HTML_Shell_Nginx
PMO-Database,1736,2,1,1,0,0,0,master,
rems,1734,45,18,333,0.03,0.01,0.19,master,R
ckanext-geoview,1722,0,2,115,0,0,0.07,0.0.12-bcgov,JavaScript_Python_CSS_HTML
agile-labor-categories,1721,0,2,15,0,0,0.01,gh-pages,CSS_JavaScript_HTML
FGDB-Standards-Tools,1707,4,2,14,0,0,0.01,master,Python
ghg-emissions-indicator,1706,3,6,147,0,0,0.09,master,R
ols-devkit,1706,136,58,130,0.08,0.03,0.08,master,
MyGovBC-core-server,1697,0,1,51,0,0,0.03,master,JavaScript
MyGovBC-core-client,1697,0,1,291,0,0,0.17,master,CSS_JavaScript_TypeScript_HTML_Shell
MyGovBC-core-headerFooterService,1697,2,5,181,0,0,0.11,master,JavaScript_HTML_CSS_Shell
MyGovBC-notification-server,1696,42,44,725,0.02,0.03,0.43,master,JavaScript_Vue_Shell_HTML_Dockerfile
MyGovBC-widget-sharedservices-foodsafe,1696,2,1,24,0,0,0.01,master,HTML_JavaScript
MyGovBC-widget-info-template,1696,2,1,10,0,0,0.01,master,HTML_JavaScript
BCStats,1693,5,4,22,0,0,0.01,main,
WES-engagement-states,1693,25,3,131,0.01,0,0.08,master,R_Dockerfile_Shell_CSS_Rebol_Perl
simple-R-shiny,1688,16,5,136,0.01,0,0.08,master,Dockerfile_Shell_R_Perl_CSS
land-designations-indicator,1686,4,2,203,0,0,0.12,master,R
land-designations-shinyapp,1686,26,11,280,0.02,0.01,0.17,master,R_CSS
envreportbc-snippets,1682,2,5,142,0,0,0.08,master,R
climate-change-indicators-2015,1678,3,2,42,0,0,0.03,master,R
tire-recycling-indicator,1675,4,2,25,0,0,0.01,master,R
invasive-species-indicator,1673,2,2,44,0,0,0.03,master,R
update-VRI-volumes,1672,4,2,10,0,0,0.01,master,Python
cccharts,1671,41,8,398,0.02,0,0.24,master,R
mygovbc,1668,3,2,65,0,0,0.04,master,Shell
WES-demographic-profile,1665,4,1,7,0,0,0,master,R
eDivorce,1658,0,196,1861,0,0.12,1.12,master,HTML_Python_JavaScript_SCSS_Vue_Shell_CSS
designatedlands,1657,63,11,275,0.04,0.01,0.17,master,Python_PLpgSQL_Shell
mygovbc-nginx,1652,2,1,46,0,0,0.03,master,
mygovbc-foodsafe-nginx,1652,2,1,16,0,0,0.01,master,
water-quality-analysis,1645,24,4,75,0.01,0,0.05,master,R
SecurityAwareness,1645,2,4,186,0,0,0.11,master,JavaScript_CSS_HTML_Shell
MyGovBC-MSP,1637,0,656,4592,0,0.4,2.8,master,TypeScript_HTML_SCSS_JavaScript_Dockerfile_Shell
smtp-om-core,1637,2,21,11,0,0.01,0.01,master,PLSQL_SQLPL_Java
schoolbus-orig,1630,1,1,10,0,0,0.01,master,C#_JavaScript_CSS_Shell
schoolbus,1630,5,597,1547,0,0.37,0.95,master,C#_JavaScript_Mustache_SCSS_Groovy_HTML_Shell_Dockerfile
burn-severity,1625,5,2,9,0,0,0.01,master,Python
housing-data-visualization-project,1619,7,1,83,0,0,0.05,master,
ckanext-openapiviewer,1618,12,34,83,0.01,0.02,0.05,master,HTML_Python
BC-demography,1611,6,1,32,0,0,0.02,master,
smtp-om-cas-common,1605,4,38,3,0,0.02,0,master,JavaScript_PLSQL_CSS_HTML_SQLPL_Java
HelloSimon_Web,1604,0,2,2,0,0,0,master,C#
slack-dev-bot-BCGov,1601,2,1,9,0,0,0.01,master,JavaScript_CoffeeScript
Mock-Server,1597,2,7,8,0,0,0.01,master,JavaScript
Swagger-Editor,1597,3,6,11,0,0,0.01,master,JavaScript
SchemaSpy,1597,3,11,54,0,0.01,0.03,master,Dockerfile_Shell
streamflow-trends-on-multi-stats,1590,0,2,12,0,0,0.01,master,R
Swagger-Codegen-Extension,1587,3,30,62,0,0.02,0.04,master,HTML_Java_Batchfile_Shell_Scala
career-survey,1568,2,1,10,0,0,0.01,master,R
mygovbc-foodsafe,1568,2,1,29,0,0,0.02,master,Shell
hets,1567,3,1949,4456,0,1.24,2.84,master,C#_JavaScript_SCSS_PLpgSQL_Groovy_HTML_Shell_Batchfile_Dockerfile_Handlebars
MyGovBC-MSP-Service,1560,2,5,129,0,0,0.08,master,JavaScript
gwa,1560,58,2,108,0.04,0,0.07,master,
jxon,1556,0,1,88,0,0,0.06,master,JavaScript_HTML
batch-pdf-reports,1555,3,2,12,0,0,0.01,master,R
R-presentation,1548,3,3,20,0,0,0.01,master,HTML
tfrs,1547,728,1016,2486,0.47,0.66,1.61,release-1.6.24,Python_JavaScript_CSS_Shell_Groovy_SCSS_Less_Dockerfile_PLpgSQL_Go_HTML_Batchfile_Makefile
fabric.js,1547,0,1,3541,0,0,2.29,master,JavaScript_CSS_HTML_Shell
MyGovBC-CAPTCHA-Service,1546,5,11,133,0,0.01,0.09,master,TypeScript
MyGovBC-CAPTCHA-Widget,1546,5,12,98,0,0.01,0.06,master,TypeScript_HTML_SCSS_JavaScript
housing-data-challenge-ruby,1536,8,7,175,0.01,0,0.11,master,HTML_R_CSS_JavaScript_Dockerfile
ligo-lib,1535,15,17,218,0.01,0.01,0.14,master,Python_HTML_Dockerfile_Shell
kapua,1533,0,23,757,0,0.01,0.49,develop,Java_CSS_HTML_Gherkin_Shell_PowerShell_JavaScript
kura,1531,0,2,3002,0,0,1.96,develop,Java_HTML_C_Shell_JavaScript_C++_CSS_Makefile_Batchfile_Protocol Buffer_Objective-C
housing-data-challenge-exponentian,1528,3,17,82,0,0.01,0.05,master,JavaScript_CSS_HTML_Ruby
housing-data-challenge-plot-scatter,1528,3,5,18,0,0,0.01,master,Jupyter Notebook_JavaScript_CSS_HTML
housing-data-challenge-plotly,1528,4,3,54,0,0,0.04,master,R_Makefile_CSS
housing-data-challenge-foundry-spatial,1528,4,5,115,0,0,0.08,master,Vue_JavaScript_HTML_Dockerfile
BCWaterDischargeAnalysis-SampleScripts,1518,2,1,12,0,0,0.01,master,R
Oahu-UI,1514,0,2,287,0,0,0.19,master,JavaScript_CSS_HTML_Shell
gwells,1514,11,1777,8485,0.01,1.17,5.6,release,Python_Vue_JavaScript_Groovy_Shell_HTML_SCSS_Dockerfile_Makefile_CSS
oahu-api,1511,0,3,8,0,0,0.01,master,C#
oahu-dbsrv,1511,0,2,8,0,0,0.01,master,Java_Shell
kura-emulator,1510,0,4,9,0,0,0.01,master,
chart-tool,1509,0,1,391,0,0,0.26,master,JavaScript_CSS_HTML
legacy-eao-inspections-ios,1506,2,2,67,0,0,0.04,master,Swift_Objective-C_Ruby
epic-mobile-app-android,1506,2,1,2,0,0,0,master,Java
moti-iot-challenges,1505,3,2,21,0,0,0.01,master,
LTEM-sample-analyses,1501,2,2,15,0,0,0.01,master,HTML_R
moti-iot-poc,1500,0,1,10,0,0,0.01,master,JavaScript_CSS_HTML_Java_C#_Shell
sonarqube-openshift-docker,1497,0,2,5,0,0,0,master,Shell
navUnit,1480,0,0,3,0,0,0,master,Groovy
tfrs-sonar-scanner,1479,3,2,10,0,0,0.01,master,Java
dbc-kml-apps,1477,11,22,184,0.01,0.01,0.12,master,XSLT_FreeMarker_Shell
dbc-cms-vis,1472,3,18,90,0,0.01,0.06,gh-pages,HTML_CSS_JavaScript_Dockerfile
tfrs-functional-test-runner,1472,3,2,6,0,0,0,master,
SSD-methods,1464,2,1,9,0,0,0.01,master,HTML_R
csnr-dmod,1451,2,104,223,0,0.07,0.15,master,JavaScript_HTML_CSS_Java_Groovy_Shell_Dockerfile
nrs-cmdb,1441,21,33,72,0.01,0.02,0.05,master,Java_HTML_Batchfile
sbc-qsystem,1436,17,331,875,0.01,0.23,0.61,master,Java_HTML_JavaScript_PLpgSQL_CSS_Groovy_PLSQL_SQLPL_Shell_Dockerfile
openshift-openjfx,1435,0,1,54,0,0,0.04,master,Shell_Java_Makefile
agile-sdlc,1426,2,4,17,0,0,0.01,master,
eao-nginx,1421,2,22,76,0,0.02,0.05,master,
mygovbc-bootstrap-theme,1420,5,2,35,0,0,0.02,master,CSS_JavaScript
angular-scaffold,1420,12,20,165,0.01,0.01,0.12,master,Shell_TypeScript_HTML_JavaScript_Dockerfile_SCSS
eao-parse-server,1419,2,18,37,0,0.01,0.03,master,JavaScript_HTML_CSS_Dockerfile
eao-public,1416,1,320,555,0,0.23,0.39,dev,TypeScript_HTML_CSS_Groovy_Shell_JavaScript_Dockerfile
eao-public-consultation,1416,2,1,3,0,0,0,master,
dbc-j2ee-template,1412,2,1,13,0,0,0.01,master,
gw-licensing-transition-summary,1406,3,9,262,0,0.01,0.19,master,R
service-patterns-temp,1401,3,1,11,0,0,0.01,master,
ligo,1400,3,5,176,0,0,0.13,master,Python_HTML_JavaScript_Shell_CSS_SCSS_Dockerfile
FASSTX,1398,3,2,48,0,0,0.03,master,
shinyhydat,1398,5,10,87,0,0.01,0.06,master,R
mem-admin,1393,3,317,4520,0,0.23,3.24,dev,JavaScript_HTML_CSS_Groovy_Shell_Dockerfile_Batchfile
mem-mmti,1393,2,49,4223,0,0.04,3.03,master,JavaScript_HTML_CSS_Shell_Batchfile
eao-geo-service,1392,2,4,17,0,0,0.01,master,JavaScript
mem-geo-service,1386,2,4,30,0,0,0.02,master,JavaScript
mem-nginx,1385,2,9,50,0,0.01,0.04,master,
mem-mmti-public,1385,4,348,741,0,0.25,0.53,BCMI-V2,TypeScript_HTML_Groovy_SCSS_JavaScript_Shell
nifi-atlas,1384,4,22,38,0,0.02,0.03,master,Java_HTML_Dockerfile_Shell
namer,1380,2,13,62,0,0.01,0.04,master,Python_TypeScript_JavaScript_HTML_CSS_Dockerfile
bcgovr,1372,38,24,606,0.03,0.02,0.44,master,R
angular-scaffold-captcha,1370,3,2,19,0,0,0.01,master,TypeScript_HTML_JavaScript_Shell_CSS
agri-nmp,1370,4,555,2800,0,0.4,2.04,master,C#_HTML_JavaScript_CSS_Shell_Groovy_Batchfile_PowerShell_Dockerfile
sm-bridge-service,1368,2,3,38,0,0,0.03,master,JavaScript_HTML
von,1364,251,120,330,0.18,0.09,0.24,master,
bc-raster-roads,1357,3,5,107,0,0,0.08,master,R
IM-Report-GBears,1357,2,1,30,0,0,0.02,master,R
CANSIM-dataviewer,1357,4,1,154,0,0,0.11,master,R
prime-web,1343,2,29,1643,0,0.02,1.22,master,TypeScript_HTML_CSS_JavaScript_Shell_Dockerfile
MyGovBC-ServiceProviderTools,1337,2,1,32,0,0,0.02,master,Shell
water-quality-analysis-northeastbc,1329,3,3,59,0,0,0.04,master,R
hydrolook,1322,14,10,147,0.01,0.01,0.11,master,R_TeX
TheOrgBook,1310,314,576,2578,0.24,0.44,1.97,master,Python_TypeScript_HTML_Shell_SCSS_JavaScript_Dockerfile
openshift-postgresql-oracle_fdw,1309,2,9,119,0,0.01,0.09,master,Dockerfile_Shell_Python
NatureServe-GBPU-Ranking,1308,2,1,6,0,0,0,master,R
ocp-sso,1307,261,59,165,0.2,0.05,0.13,master,Java_JavaScript_Shell_FreeMarker_Groovy_CSS_Dockerfile
s2i-ruby-nodejs,1304,2,1,18,0,0,0.01,master,Shell_Makefile
jekyll-barebones,1304,2,9,20,0,0.01,0.02,master,CSS_Shell_JavaScript_HTML_Python_Ruby
ckanext-galileo,1303,0,1,6,0,0,0,master,Python
WES-NLP-tool,1302,6,1,7,0,0,0.01,master,Python
HectaresBC,1300,13,1,1,0.01,0,0,master,
bootstrap-theme,1293,9,13,156,0.01,0.01,0.12,master,CSS_Ruby_HTML_JavaScript_Shell
quickstart,1293,0,10,1754,0,0.01,1.36,11.x,JavaScript_Java_CSS_HTML_Shell_Batchfile_GLSL
roadless-areas-indicator,1292,6,4,195,0,0,0.15,master,R_CSS
child-support-lookup-tool,1289,2,5,8,0,0,0.01,master,JavaScript_CSS_HTML
bcmapsdata,1280,12,10,155,0.01,0.01,0.12,master,R
drat,1279,6,5,62,0,0,0.05,gh-pages,
fasstr,1270,53,26,724,0.04,0.02,0.57,master,R
openshift-solr,1266,0,8,34,0,0.01,0.03,master,Shell
von-connector,1266,1,4,14,0,0,0.01,master,Python_Shell
von-network,1261,46,94,425,0.04,0.07,0.34,master,Python_HTML_Shell_JavaScript_CSS_Dockerfile
s2i-nginx,1261,0,1,93,0,0,0.07,master,Shell_HTML_Makefile
getting_started_with_R,1260,5,1,31,0,0,0.02,master,
WES-results-visualization,1251,5,1,10,0,0,0.01,master,R
nrts-prc-public,1246,3,426,947,0,0.34,0.76,master,TypeScript_SCSS_HTML_JavaScript_Shell_Dockerfile
forest-management-indicators,1245,2,3,75,0,0,0.06,master,R
gcpe-news-api-client,1240,2,62,214,0,0.05,0.17,master,Shell_C#_JavaScript_Batchfile
ssdtools,1240,112,68,698,0.09,0.05,0.56,master,R_C++_TeX
bcgov-data-science-resources,1238,6,3,11,0,0,0.01,master,
Family-Protection-Order,1237,2,82,537,0,0.07,0.43,master,TypeScript_HTML_Python_Shell_SCSS_JavaScript_Dockerfile
greenlight,1235,76,187,835,0.06,0.15,0.68,master,TypeScript_Shell_HTML_Python_SCSS_JavaScript_CSS_Dockerfile
esm-admin,1233,2,14,4616,0,0.01,3.74,master,JavaScript_HTML_CSS_Shell_Batchfile
secure-image-android,1227,4,5,209,0,0,0.17,master,Kotlin_Dockerfile
secure-image-ios,1227,1,33,183,0,0.03,0.15,master,Swift_Shell_Ruby
jag-shuber-frontend,1226,1,227,1895,0,0.19,1.54,master,TypeScript_CSS_JavaScript_Shell_Groovy_HTML_Dockerfile
jag-shuber-api,1226,0,123,919,0,0.1,0.75,master,TypeScript_TSQL_Shell_HTML_Batchfile_Groovy_JavaScript_Dockerfile
secure-image-api,1225,1,17,285,0,0.01,0.23,master,JavaScript_HTML_CSS_Dockerfile_Shell
nrts-prc-api,1224,3,248,453,0,0.2,0.37,master,JavaScript
air-monitoring-visualization,1220,4,1,27,0,0,0.02,master,JavaScript_HTML_CSS
gcpe-news-media-proxy,1220,2,49,110,0,0.04,0.09,develop,C#_Shell_HTML
nrts-prc-admin,1219,3,396,918,0,0.32,0.75,master,TypeScript_SCSS_HTML_JavaScript_Shell_Dockerfile
splunk-forwarder,1219,2,1,113,0,0,0.09,master,JavaScript
mobile-authentication-ios,1203,6,6,19,0,0,0.02,master,Swift_Ruby_Objective-C
mobile-authentication-android,1203,2,1,25,0,0,0.02,master,Kotlin
mobile-authentication-js,1203,2,1,1,0,0,0,master,
bc-aquifer-dashboard,1203,30,4,178,0.02,0,0.15,master,JavaScript_CSS_HTML
smk-legacy-ui,1197,211,96,782,0.18,0.08,0.65,master,Java_JavaScript_HTML_CSS_SCSS_Groovy_Dockerfile_Shell
smk-datastore,1192,0,1,4,0,0,0,master,
gcpe-news-webapp,1191,2,548,888,0,0.46,0.75,develop,JavaScript_CSS_HTML_C#_PowerShell_Groovy_Shell_TypeScript_Batchfile
name-examination,1189,891,382,900,0.75,0.32,0.76,master,JavaScript_Vue_CSS_Groovy_Gherkin_HTML_Stylus_Shell
canwqdata,1184,2,2,78,0,0,0.07,master,R
shinyssdtools,1170,56,30,332,0.05,0.03,0.28,master,HTML_R_TeX_CSS
range-ios,1167,19,147,595,0.02,0.13,0.51,master,Swift_Ruby_Shell
range-web,1167,501,436,2636,0.43,0.37,2.26,dev,JavaScript_Less_SCSS_HTML_Shell_Python_Dockerfile
indy-sdk,1160,0,14,7495,0,0.01,6.46,master,Rust_HTML_Java_C#_Python_Objective-C++_Objective-C_C_Shell_TypeScript_JavaScript_CSS_C++_Groovy_Ruby_Dockerfile_Makefile_CMake_Swift
wqindex,1154,6,3,638,0.01,0,0.55,master,R_TeX
GDX-Analytics,1150,2,332,1570,0,0.29,1.36,master,Python_JavaScript_Shell_Raku
http-did-auth-proxy,1149,2,5,11,0,0,0.01,master,Java_Dockerfile_Shell
jag-efiling-hub,1147,2,25,166,0,0.02,0.14,master,Java_JavaScript_Shell_Dockerfile
jag-efiling-frontend,1147,2,209,887,0,0.18,0.77,master,JavaScript_CSS_Shell_HTML_Dockerfile
jag-efiling-api,1147,2,50,304,0,0.04,0.26,master,JavaScript_TSQL_HTML_Shell
jag-lcrb-carla-public,1143,3,3132,16837,0,2.74,14.72,develop,C#_HTML_TypeScript_Gherkin_Mustache_Python_Shell_SCSS_JavaScript_Dockerfile_CSS_Groovy_Makefile_Batchfile
gcpe-news-archive,1142,2,12,20,0,0.01,0.02,develop,CSS_HTML_C#_TypeScript_JavaScript_Shell
did-auth-relying-party,1137,3,4,19,0,0,0.02,master,Java_Dockerfile_Shell
did-auth-extension,1136,3,2,12,0,0,0.01,master,JavaScript_HTML
eao-inspections-web,1129,4,78,460,0,0.07,0.41,master,TypeScript_HTML_CSS_JavaScript_Makefile_Dockerfile
GDX-Analytics-Looker-Snowplow-Web-Block,1119,2,234,776,0,0.21,0.69,master,LookML
grizzly-bear-IUCN-threats,1114,2,2,31,0,0,0.03,master,R
clus,1105,33,119,2041,0.03,0.11,1.85,master,HTML_R_Python_PLpgSQL_Java_JavaScript_TeX_Dockerfile_CSS
clamav,1100,3,7,21,0,0.01,0.02,master,Dockerfile
workforce-profile-tool,1097,129,26,501,0.12,0.02,0.46,master,TypeScript_SCSS_Shell_HTML_JavaScript
mds,1092,8,1707,2280,0.01,1.56,2.09,develop,JavaScript_Python_Groovy_PLpgSQL_SCSS_C#_Shell_Dockerfile_Makefile_HTML_PowerShell_Mako
student-outcomes-dataviz,1092,4,2,8,0,0,0.01,master,R_CSS
msw-disposal-indicator,1090,16,4,127,0.01,0,0.12,master,R_CSS
namex-solr,1083,2,4,21,0,0,0.02,master,Shell_Dockerfile
bc-hydrometric-dashboard,1081,8,6,16,0.01,0.01,0.01,master,
Skeena-CE-Grizzly,1077,2,1,10,0,0,0.01,master,R
namex,1073,23,1036,2237,0.02,0.96,2.08,master,HTML_Python_PLSQL_Makefile_Jupyter Notebook_Groovy_JavaScript_Shell_Dockerfile_Mako
queue-management,1073,9,561,2391,0.01,0.52,2.23,master,Vue_Python_TypeScript_JavaScript_Groovy_Shell_CSS_HTML_Dockerfile_SCSS_Makefile_Batchfile_Mako
GDX-Analytics-Looker-cfms_block,1073,2,159,408,0,0.15,0.38,master,LookML
moh-fpcare,1072,0,79,533,0,0.07,0.5,master,TypeScript_HTML_SCSS_Shell_JavaScript_Dockerfile
intro-to-tidyhydat-and-tidyverse,1072,6,2,111,0.01,0,0.1,master,
field-inspection-app-ios,1069,10,31,163,0.01,0.03,0.15,master,Swift_Objective-C_Ruby
field-inspection-app-android,1069,2,2,2,0,0,0,master,Kotlin
prime-session,1065,2,3,33,0,0,0.03,master,HTML_Python_Shell
nbcclim,1065,4,4,110,0,0,0.1,master,R_CSS_JavaScript
gwa-ip-anonymity,1058,6,10,39,0.01,0.01,0.04,master,Lua_Shell
gwa-ui,1057,5,33,275,0,0.03,0.26,master,Java_TypeScript_HTML_CSS_JavaScript_Dockerfile
gwa-kong-endpoint,1057,5,8,45,0,0.01,0.04,master,Lua_Shell
dbc-pylib,1056,2,34,106,0,0.03,0.1,master,Python
argg-api,1056,9,13,41,0.01,0.01,0.04,master,Python_Dockerfile
argg-ui,1056,14,22,79,0.01,0.02,0.07,master,TypeScript_HTML_JavaScript_Dockerfile_CSS
ols-router,1055,268,45,312,0.25,0.04,0.3,dev,Java_CSS_Dockerfile
mwslds,1051,2,38,250,0,0.04,0.24,master,JavaScript_CSS_HTML
GDX-Analytics-Looker-Redshift_Admin_By_AWS,1051,2,6,25,0,0.01,0.02,master,LookML
devhub-signing-agent,1049,7,40,224,0.01,0.04,0.21,master,JavaScript_Shell
devhub-signing-api,1049,3,35,352,0,0.03,0.34,master,JavaScript_Shell_Dockerfile
devhub-signing-web,1049,9,56,247,0.01,0.05,0.24,master,JavaScript_CSS_Groovy_HTML_Dockerfile_Shell
prime-oauth,1045,2,1,8,0,0,0.01,master,JavaScript
sp2s3,1035,3,5,31,0,0,0.03,master,JavaScript_Dockerfile
kirk,1030,3,51,209,0,0.05,0.2,master,Python_Smarty_Dockerfile
von-bc-registries-agent,1026,75,207,883,0.07,0.2,0.86,master,Python_Shell_Dockerfile_CSS_Makefile_JavaScript
geometr,1024,7,5,40,0.01,0,0.04,master,R
SecNewsFeedReader,1023,1,2,4,0,0,0,master,Python_JavaScript_CSS_HTML_Tcl_PowerShell_Batchfile
env-moosetracker-android,1022,2,4,17,0,0,0.02,master,Java_PostScript
env-moosetracker-ios,1022,5,5,29,0,0,0.03,master,Objective-C_Ruby_C
servicebc,1021,2,2,1,0,0,0,master,
common-nodejs-utils,1021,10,18,79,0.01,0.02,0.08,master,JavaScript
gcpe-azure-sample,1021,2,3,74,0,0,0.07,master,TypeScript_C#_HTML_CSS_JavaScript
representation-grant,1004,2,39,368,0,0.04,0.37,master,TypeScript_HTML_JavaScript_Python_Shell_SCSS_Dockerfile
pssg-cscp-vsd,1004,2,239,1010,0,0.24,1.01,development,C#_TypeScript_HTML_SCSS_Shell_Groovy_JavaScript_Dockerfile_Batchfile
BCwebcheck,999,1,1,3,0,0,0,master,Python_JavaScript_HTML_CSS_Tcl_PowerShell_Batchfile
SecNewsFeedReader-Drupal,999,2,7,79,0,0.01,0.08,master,Dockerfile
moh-oauth,996,2,1,1,0,0,0,master,
smk,988,62,39,868,0.06,0.04,0.88,master,JavaScript_HTML_CSS_Shell_Scheme
snow-dur-analysis,987,3,2,96,0,0,0.1,master,R
bcgov-sso-theme,982,1,5,13,0,0.01,0.01,master,CSS_Dockerfile
smk-bcparks,981,6,7,39,0.01,0.01,0.04,qa,CSS_HTML
smk-moh,980,2,78,179,0,0.08,0.18,qa,JavaScript_CSS_HTML
RasterLandCover,978,2,1,2,0,0,0,master,R
gcpe-NRMS-frontend,978,2,36,37,0,0.04,0.04,develop,TypeScript_HTML_CSS_Shell_JavaScript_Dockerfile
gcpe-NRMS-api,978,2,11,22,0,0.01,0.02,develop,C#_Shell
jag-scheduling-hub,968,2,21,53,0,0.02,0.05,master,Java_Shell
kq-ui,966,25,20,78,0.03,0.02,0.08,master,TypeScript_HTML_JavaScript_CSS_Dockerfile
kq-api,966,2,11,54,0,0.01,0.06,master,Python_Dockerfile
sbc-mcap,959,2,2,267,0,0,0.28,master,HTML_CSS_JavaScript_Shell
scj-online-booking-system,954,3,1,3,0,0,0,master,
ldf_drf_db_comments,954,2,4,15,0,0,0.02,master,Python
range-api,951,65,196,1710,0.07,0.21,1.8,dev,JavaScript_HTML_Makefile_Dockerfile_Shell
devhub-app-web,951,683,887,2599,0.72,0.93,2.73,master,JavaScript_Shell_CSS_HTML_Dockerfile
OCWA,950,146,173,1859,0.15,0.18,1.95,master,JavaScript_Groovy_Python_Shell_HCL_Gherkin_CSS_HTML_Smarty_Dockerfile_TypeScript_Rust_Pug_SCSS
common-ui-components,943,1,4,14,0,0,0.01,master,JavaScript_CSS
repomountie,933,55,77,539,0.06,0.08,0.58,master,TypeScript_JavaScript_Shell
common-web-utils,932,19,34,73,0.02,0.04,0.08,master,JavaScript
spa-env-server,925,2,6,40,0,0.01,0.04,master,JavaScript
design-system,924,156,110,1150,0.17,0.12,1.24,master,HTML_CSS
bcgov-useR,923,4,8,42,0,0.01,0.05,master,R
bowron-ssn,918,2,2,25,0,0,0.03,master,R
scheduler,917,0,1,78,0,0,0.09,master,JavaScript
jag-pill-press-registry,915,2,292,750,0,0.32,0.82,master,C#_HTML_TypeScript_CSS_Shell_JavaScript_Batchfile
gcpe-news-dashboard,911,2,397,424,0,0.44,0.47,develop,TypeScript_HTML_SCSS_Shell_JavaScript_Dockerfile
VON-ESB-DRS-Agent,906,6,23,69,0.01,0.03,0.08,master,HTML_Shell_Python_Groovy_CSS_JavaScript_Dockerfile
smk-common-iac,901,2,2,15,0,0,0.02,master,Dockerfile
aquifer-factsheets,897,3,2,99,0,0,0.11,master,R
von-agent-template,894,9,55,207,0.01,0.06,0.23,master,HTML_Python_Shell_CSS_JavaScript_Dockerfile
bcgov-rstats-public-presentations,892,4,10,114,0,0.01,0.13,master,R
ckanext-bcgov-disqus,889,0,2,4,0,0,0,dev,JavaScript_Python_HTML_CSS
ckanext-bcgov-cli,889,2,3,6,0,0,0.01,dev,Python
HunterDensity,888,2,1,16,0,0,0.02,master,R
HumanLivestockDensity,887,2,1,7,0,0,0.01,master,R
gcpe-hub-api,887,2,185,266,0,0.21,0.3,develop,C#_Shell
entity,887,7145,128,1328,8.05,0.14,1.5,master,JavaScript_Groovy_TypeScript_Vue_SCSS_HTML_Shell
WEStblr,882,3,1,24,0,0,0.03,master,R
replication_health_check,878,1,16,42,0,0.02,0.05,master,Python
EDUC-ECAS,874,7,62,623,0.01,0.07,0.71,master,PowerShell_C#_PHP_Vue_Blade_JavaScript_Shell_XSLT
bcgov-Shiny-deployment-paths,869,1,2,12,0,0,0.01,master,
wqo_shuswap,868,2,2,87,0,0,0.1,master,R
hydrometric_stations,863,15,2,53,0.02,0,0.06,master,R
isb-rsi-courtsintegration,863,2,1,1,0,0,0,master,
moh-common-styles,862,14,151,1050,0.02,0.18,1.22,master,TypeScript_HTML_SCSS_JavaScript_CSS
SCJ-Online-Booking,859,2,16,368,0,0.02,0.43,master,C#_HTML_JavaScript_SCSS_Vue_Batchfile
aries-vcr,858,296,345,1577,0.34,0.4,1.84,master,Python_TypeScript_HTML_Shell_SCSS_JavaScript_Dockerfile
bcdata,856,136,132,1013,0.16,0.15,1.18,master,R
mdms-nodejs-client,855,14,4,14,0.02,0,0.02,master,JavaScript
CHSP_dataviewer,855,4,2,7,0,0,0.01,master,
EDUC-NGN,853,5,1,57,0.01,0,0.07,master,C#_PowerShell_JavaScript_HTML_Batchfile_Roff
eagle-public,853,4,541,1853,0,0.63,2.17,develop,TypeScript_HTML_SCSS_Groovy_Shell_JavaScript_Dockerfile_CSS_Less
eagle-admin,853,5,717,2211,0.01,0.84,2.59,develop,TypeScript_HTML_CSS_SCSS_Groovy_JavaScript_Dockerfile_Shell_Less
eagle-api,853,3,656,1458,0,0.77,1.71,develop,JavaScript_Groovy_Shell_Dockerfile
gcpe-hub,847,2,56,127,0,0.07,0.15,develop,CSS_Less_C#_JavaScript_ASP.NET_TypeScript_TSQL_HTML_PowerShell
Caribou_disturb_TT,840,3,2,16,0,0,0.02,master,R
Caribou_Disturb_B,839,1,2,20,0,0,0.02,master,R
mdms-device-signout-api,835,2,2,10,0,0,0.01,master,JavaScript_Dockerfile_Shell
mdms-device-signout-app,835,2,2,17,0,0,0.02,master,JavaScript_Dockerfile
reggie,835,20,35,39,0.02,0.04,0.05,master,JavaScript_CSS_HTML_Shell_Dockerfile
GB_Unreported,833,2,1,16,0,0,0.02,master,R
reggie-web,832,19,36,37,0.02,0.04,0.04,master,JavaScript_CSS_HTML_Shell_Dockerfile
GB_Data,832,2,1,13,0,0,0.02,master,R
grizzly-bear-status-indicator,828,5,15,668,0.01,0.02,0.81,master,R
devhub-resources,826,20,29,116,0.02,0.04,0.14,master,
GB_Mortality,821,2,1,19,0,0,0.02,master,R
teis-utilities,821,3,2,11,0,0,0.01,master,
postman-bdd,821,0,1,184,0,0,0.22,master,HTML_JavaScript_TypeScript
wetlandmapR,820,20,12,26,0.02,0.01,0.03,master,R
chimp,820,2,5,11,0,0.01,0.01,master,Java_C++_Python_C
FAIB,820,2,3,91,0,0,0.11,master,HTML_Python_R_CSS_Batchfile
ckan-bcgov-terraform,818,2,2,6,0,0,0.01,dev,HCL
docker-clamav,817,0,2,53,0,0,0.06,master,Dockerfile_Shell
foi-requests,817,7,82,554,0.01,0.1,0.68,master,TypeScript_HTML_JavaScript_SCSS_Shell_Dockerfile_HCL
pdfmagic,814,1,7,61,0,0.01,0.07,master,Python_Dockerfile_HTML_Shell
ts-rs-modis-snow,814,3,2,21,0,0,0.03,master,R
lear,812,18,1134,1268,0.02,1.39,1.56,master,HTML_Python_Shell_Makefile_Jupyter Notebook_Groovy_Dockerfile_Mako
sbc-pay,812,8,668,1446,0.01,0.82,1.78,development,HTML_Python_Groovy_Makefile_Dockerfile_Shell_Jupyter Notebook_Vue_TypeScript_JavaScript_Mako
sbc-auth,812,5,1552,2385,0.01,1.91,2.93,development,Python_Vue_TypeScript_HTML_Groovy_Makefile_Shell_SCSS_Jupyter Notebook_JavaScript_Dockerfile_CSS_Mako
invasive-species-system-build,812,3,2,3,0,0,0,master,
digital-gov,810,30,12,54,0.04,0.01,0.07,master,JavaScript_Groovy_CSS_Shell_Dockerfile
GB_DNA,805,2,1,2,0,0,0,master,R
GB_Salmon,803,1,1,2,0,0,0,master,R
data-stream,803,3,21,75,0,0.03,0.09,develop,Python_JavaScript_HTML_Smarty_CSS_Dockerfile
popApp,800,5,1,68,0.01,0,0.08,master,R
air-zone-reports,798,5,5,122,0.01,0.01,0.15,master,R_TeX
bcgov-looker-snowplow,791,1,1,26,0,0,0.03,master,PHP_JavaScript
eao-inspections-evidence-locker,790,2,71,159,0,0.09,0.2,master,Python_TypeScript_HTML_Shell_SCSS_JavaScript_Dockerfile_CSS_Makefile
nr-messaging-service-showcase,790,3,111,291,0,0.14,0.37,master,JavaScript_Groovy_CSS_HTML_Shell
nr-document-management-showcase,790,2,11,37,0,0.01,0.05,master,
document-generation-showcase,790,2,62,263,0,0.08,0.33,master,HTML_Vue_JavaScript_Groovy_Shell
FADM_Edit_Workflows,789,2,1,48,0,0,0.06,master,Python_HTML_CSS
GDX-Analytics-Looker-Google-Block,787,2,34,89,0,0.04,0.11,master,LookML
GDX-Analytics-OpenShift-Snowplow-Gateway-Service,786,3,41,122,0,0.05,0.16,master,Python_JavaScript_Groovy_Shell_Dockerfile
embc-ess,786,2,1123,3351,0,1.43,4.26,r1develop,C#_HTML_TypeScript_Handlebars_SCSS_Groovy_Shell_Dockerfile_TSQL_JavaScript_Batchfile
statscan-taxdata-tidying,785,14,10,214,0.02,0.01,0.27,master,R
TransAction,785,3,128,243,0,0.16,0.31,master,JavaScript_C#_TSQL_Groovy_SCSS_HTML_Shell_Dockerfile_Batchfile
Project-and-time-tracker,785,4,67,1003,0.01,0.09,1.28,master,Vue_TypeScript_JavaScript_Stylus_HTML_CSS_Dockerfile_Shell
moh-sitereg,783,2,222,967,0,0.28,1.23,master,TypeScript_HTML_SCSS_JavaScript_Dockerfile_Shell
landuseplanning-admin,778,3,46,1627,0,0.06,2.09,dev,TypeScript_HTML_CSS_SCSS_JavaScript_Shell_Dockerfile
landuseplanning-public,778,3,57,1403,0,0.07,1.8,dev,TypeScript_HTML_SCSS_JavaScript_Dockerfile_Shell
landuseplanning-api,778,2,29,845,0,0.04,1.08,dev,JavaScript_Shell_Dockerfile
CaribouBC,777,7,6,186,0.01,0.01,0.24,master,R_JavaScript
imit-procurement-data-analysis,777,3,2,46,0,0,0.06,master,R
ckanext-sso,777,3,2,13,0,0,0.02,dev,Python
ckan-ui,776,308,161,655,0.4,0.21,0.84,dev,Vue_JavaScript_HTML_Dockerfile
smk-francophone,770,3,27,68,0,0.04,0.09,qa,CSS_HTML_JavaScript
csv-to-api,769,0,3,47,0,0,0.06,master,PHP
shinyrems,769,116,7,473,0.15,0.01,0.61,master,R
lngcanada-admin,768,3,2,864,0,0,1.12,master,TypeScript_CSS_HTML_JavaScript_Shell_Dockerfile
lngcanada-api,768,2,5,401,0,0.01,0.52,master,JavaScript
lngcanada-public,768,3,42,1132,0,0.05,1.47,master,TypeScript_CSS_HTML_JavaScript_Shell_Dockerfile
GDX-Analytics-Looker-theq_sdpr_block,763,2,23,57,0,0.03,0.07,master,LookML
jag-spd-spice,761,3,202,458,0,0.27,0.6,master,C#_TypeScript_HTML_Shell_CSS_JavaScript_Dockerfile_Batchfile
iamp-maven-resources,760,2,2,12,0,0,0.02,master,
bcgov-data-science-cop,756,5,8,149,0.01,0.01,0.2,master,R
range-dashboard-ios,755,1,3,29,0,0,0.04,master,Swift_Shell_Ruby
nr-get-token,754,72,199,1050,0.1,0.26,1.39,master,JavaScript_Vue_Groovy_SCSS_HTML_Dockerfile_Shell
SharePoint_Solutions,751,0,1,11,0,0,0.01,master,JavaScript_CSS
bc-econ-status-indices,750,4,2,126,0.01,0,0.17,master,R
CITZ-IMB-SharePoint,749,18,56,140,0.02,0.07,0.19,master,JavaScript_HTML_CSS
realm-o-matic,749,44,45,45,0.06,0.06,0.06,master,JavaScript_Less_Pug_CSS_HTML_Dockerfile
jag-rsbc-carma,744,2,10,52,0,0.01,0.07,master,JavaScript_Shell
site-inspections-app-ios,744,1,0,0,0,0,0,,
cas-ggircs,742,0,239,1403,0,0.32,1.89,develop,PLpgSQL_TypeScript_JavaScript_Python_Makefile_Shell_Dockerfile_CSS_Mustache_Smarty_Perl
indy-email-verification,741,11,57,251,0.01,0.08,0.34,master,HTML_Python_Shell_JavaScript_CSS_Dockerfile
agri-dcbr,738,3,102,459,0,0.14,0.62,master,Python_Vue_HTML_TypeScript_Shell_JavaScript_Dockerfile
cas-docker-sqitch,737,0,1,4,0,0,0.01,master,Dockerfile
lucy-web,735,510,483,2300,0.69,0.66,3.13,dev,TypeScript_HTML_JavaScript_CSS_Makefile_Dockerfile_SCSS_Shell
iiwbook,733,7,68,221,0.01,0.09,0.3,master,HTML_Python_Shell_CSS_JavaScript_Dockerfile
mobile-starter-kit,728,11,3,24,0.02,0,0.03,master,
Agile-Delivery-Process,727,7,3,47,0.01,0,0.06,master,
flatfile-tools,726,3,2,287,0,0,0.39,master,Python_C++_C_Shell_R_Rebol_Batchfile
cas-metabase,726,2,20,69,0,0.03,0.09,develop,Shell_Mustache_Smarty_Dockerfile_Makefile
GDX-Analytics-Drupal-Snowplow,721,2,7,42,0,0.01,0.06,master,PHP_JavaScript
healthgateway,716,3,2224,5736,0,3.1,8,dev,C#_Vue_TypeScript_JavaScript_HTML_SCSS_Shell_Dockerfile_Python_Batchfile
aqadvisories-eservice,715,2,6,272,0,0.01,0.38,master,JavaScript_HTML_CSS_Shell
sbc-common-components,715,4,210,338,0.01,0.29,0.47,master,Vue_TypeScript_Python_Makefile_JavaScript_SCSS_HTML_Shell
bcdc-test,709,2,48,555,0,0.07,0.78,dev,Python
pssg-cornet-dynamics,708,0,2,1,0,0,0,master,
goshawk-ios,706,2,1,17,0,0,0.02,master,Swift_HTML
sae-workbench,701,16,24,6,0.02,0.03,0.01,master,JavaScript_TypeScript_CSS_Shell_HTML_Dockerfile_Smarty
Skeena_WB,701,2,1,1,0,0,0,master,
cas-ggircs-metabase,700,0,6,18430,0,0.01,26.29,bcgov,Clojure_JavaScript_HTML_CSS_Shell_Objective-C_Perl_Dockerfile_Emacs Lisp_Rich Text Format_Ruby
cas-ggircs-metabase-builder,700,1,22,27,0,0.03,0.04,master,Dockerfile_Makefile_Shell
EDUC-UMU,699,10,43,1109,0.01,0.06,1.58,master,JavaScript_Vue_Groovy_Dockerfile_HTML_CSS
bc_snow_ops,698,0,1,330,0,0,0.47,master,R
ExchangeLabOps,697,8,60,371,0.01,0.09,0.53,master,SCSS_HTML_Ruby_JavaScript
pssg-cornet-dynamics-config,695,2,1,1,0,0,0,master,
pssg-cornet-dynamics-queue-proc,695,2,1,3,0,0,0,master,C#
EDUC-CAPS,695,3,2,453,0,0,0.65,master,C#_JavaScript_HTML_CSS
sk_tda,693,3,2,8,0,0,0.01,master,R
eForWasteBC,691,1,3,12,0,0,0.02,master,Objective-C_HTML_Shell
rems2aquachem,688,0,1,60,0,0,0.09,master,JavaScript_R_CSS_HTML
api-guidelines,687,18,7,44,0.03,0.01,0.06,master,
ckanext-edc-rss,686,2,1,7,0,0,0.01,master,Python_HTML
recycling-indicator,686,2,4,182,0,0.01,0.26,master,R
iamp-email-service,685,2,14,56,0,0.02,0.08,master,Java
iamp-mq-component,685,2,5,12,0,0.01,0.02,develop,Java
gis-pantry,685,22,98,275,0.03,0.14,0.4,master,Jupyter Notebook_Python_Shell_Batchfile
EDUC-DIGITALID-API,684,2,101,446,0,0.15,0.65,master,Java_Shell_Dockerfile
envair,681,6,2,83,0.01,0,0.12,master,R
bcca-payment-hub,679,3,31,37,0,0.05,0.05,master,Python_HTML_TypeScript_Shell_Groovy_CSS_JavaScript_Dockerfile
von-oil-gas-poc,677,2,15,52,0,0.02,0.08,master,Python_Shell_CSS_JavaScript_Dockerfile
eagle-helper-pods,675,2,86,158,0,0.13,0.23,master,Groovy_Shell_JavaScript_Dockerfile
nr-email-microservice,674,2,17,55,0,0.03,0.08,master,JavaScript
pssg-cornet-dynamics-end2end-service,673,1,11,20,0,0.02,0.03,master,Java_HTML_CSS_JavaScript
digital-lakes,672,2,1,1,0,0,0,master,
nmp-arm,671,3,53,150,0,0.08,0.22,release,Python_JavaScript_HTML_CSS_Shell_Dockerfile
pssg-cornet-dynamics-queue-proc-rabbitmq,670,2,22,3,0,0.03,0,master,
aries-vcr-issuer-controller,666,9,54,209,0.01,0.08,0.31,master,Python_Shell_CSS_Makefile_Dockerfile_JavaScript
EDUC-CURRICWS,666,3,5,284,0,0.01,0.43,master,JavaScript_Dockerfile_Shell
skeena-ogma-amendments-assessment,666,1,1,17,0,0,0.03,master,Python
cas-shipit,665,3,133,155,0,0.2,0.23,master,Ruby_HTML_Smarty_JavaScript_Dockerfile_Makefile_CSS
forestry-quarterly-report,664,1,1,14,0,0,0.02,master,Python
jrcc-document-access-libs,664,15,172,540,0.02,0.26,0.81,master,Java_Shell
jag-isb-devorg,664,2,6,12,0,0.01,0.02,master,C#_HTML_CSS_Shell_JavaScript
ranktrends,663,7,6,98,0.01,0.01,0.15,master,R
pssg-cordyn-management-console,659,2,1,1,0,0,0,master,
pssg-cordyn-rabbitmq-interface-controller,659,2,18,11,0,0.03,0.02,master,
AGOL_getMapFromApp,659,1,2,3,0,0,0,master,Jupyter Notebook
AGOL_getSizeFromGroup,659,1,2,6,0,0,0.01,master,Jupyter Notebook
FAIBOracle,659,2,1,60,0,0,0.09,master,R
forestDroughtTool,658,2,3,60,0,0,0.09,master,R
FAIBCompiler,658,2,1,76,0,0,0.12,master,R
FAIBBase,658,2,2,56,0,0,0.09,master,R
eagle-dev-guides,657,2,52,93,0,0.08,0.14,master,Shell_PowerShell_JavaScript
cloud-adoption-patterns,657,3,4,8,0,0.01,0.01,master,
cas-postgres,657,4,87,300,0.01,0.13,0.46,develop,Shell_Makefile_Mustache_Dockerfile
GDX-Analytics-Looker-Google-MyBusiness,652,2,14,33,0,0.02,0.05,master,LookML
eagle-reports,646,2,18,37,0,0.03,0.06,master,
EDUC-ISFS,645,3,1,26,0,0,0.04,master,JavaScript_C#_HTML
EDUC-STUDENTSUCCESS,645,3,7,35,0,0.01,0.05,master,PHP_Blade_JavaScript
vc-authn-oidc,644,44,82,308,0.07,0.13,0.48,master,C#_Shell_HTML_Dockerfile
iamp-apps-configs,643,2,5,8,0,0.01,0.01,master,
bcparis-service,643,2,209,845,0,0.32,1.31,master,Java
nr-showcase-devops-tools,642,3,16,50,0,0.02,0.08,master,Groovy_Dockerfile
nr-showcase-devops-tools-demo-sq,642,2,6,12,0,0.01,0.02,master,Groovy_JavaScript
gatsby-source-matomo,642,3,15,35,0,0.02,0.05,master,JavaScript
jrcc-sample-app,640,2,6,3,0,0.01,0,master,Java
rocketgate,639,5,9,38,0.01,0.01,0.06,master,JavaScript_Shell
gatsby-source-github-raw,636,2,14,54,0,0.02,0.08,master,JavaScript
native-species-rank-indicator,635,2,4,216,0,0.01,0.34,master,R
orgbook-configurations,635,19,80,244,0.03,0.13,0.38,master,Shell_Groovy
cas-ggircs-ciip-2018-schema,633,4,37,41,0.01,0.06,0.06,develop,PLpgSQL_Makefile_Shell_Perl
cas-ciip-portal,632,6,1611,5158,0.01,2.55,8.15,develop,PLpgSQL_TypeScript_JavaScript_Gherkin_Shell_Makefile_Dockerfile_HTML_Mustache_Smarty_CSS_Perl
fwben,631,138,16,12,0.22,0.03,0.02,master,Python_HTML_Vue_TypeScript_Shell_Groovy_JavaScript_Makefile_Stylus_Dockerfile_Mako
drake-example,630,6,5,48,0.01,0.01,0.08,main,R
cas-pipeline,629,6,43,179,0.01,0.07,0.28,master,Shell_Makefile_Smarty
cas-metascript,629,2,3,199,0,0,0.32,master,JavaScript
bc-sans,629,4,3,22,0.01,0,0.03,master,CSS
ols-geocoder,628,203,36,133,0.32,0.06,0.21,dev,Java_CSS
forageConversionTool,624,6,3,12,0.01,0,0.02,master,Python
cas-ggircs-metabase-build,623,3,22,41,0,0.04,0.07,develop,Makefile_Dockerfile
aries-cloudagent-container,621,4,25,60,0.01,0.04,0.1,master,Python_Dockerfile_JavaScript_Shell
new2Q-reports,618,20,3,35,0.03,0,0.06,master,Python_Makefile_Batchfile_Shell_QML
census_geography_bc,616,3,2,19,0,0,0.03,master,R
ols-util,616,3,13,30,0,0.02,0.05,dev,Java
GDX-Analytics-Looker-Google-MyBusiness-ServiceBC,616,2,20,56,0,0.03,0.09,master,LookML
cas-ggircs-ciip-2018-extract,614,4,36,106,0.01,0.06,0.17,develop,Python_Smarty_Dockerfile_Makefile_Shell
common-hosted-email-service,614,2,89,445,0,0.14,0.72,master,JavaScript_Groovy
bcparis-apps-configs,611,2,18,48,0,0.03,0.08,dev,
bcws-psu-research,611,118,1,1355,0.19,0,2.21,master,Shell_C++_Python_C_R_Makefile
eagle-common-components,611,2,1,3,0,0,0,master,
searchgate,610,6,16,77,0.01,0.03,0.13,master,JavaScript_Shell
ocwa-file-scanner,609,2,1,14,0,0,0.02,master,JavaScript_Shell_Dockerfile
EDUC-CURRI,609,2,2,28,0,0,0.05,master,CSS_JavaScript_PHP_HTML
url-filter-proxy,603,2,1,14,0,0,0.02,master,Shell_Dockerfile
gitlab-keycloak-group-sync,603,2,1,50,0,0,0.08,master,JavaScript_Shell_Dockerfile
asdm-postgres,603,2,2,57,0,0,0.09,master,Python_Smarty_HCL_Shell_Dockerfile
git-sae-ops,603,2,3,1,0,0,0,master,
digital-marketplace,602,2,1,7,0,0,0.01,master,
von-bc-registries-agent-configurations,602,5,48,152,0.01,0.08,0.25,master,Shell_Groovy
GDX-Analytics-Looker-CleanBC,594,2,7,19,0,0.01,0.03,master,LookML
law-society-demo,591,6,32,87,0.01,0.05,0.15,master,TypeScript_Vue_HTML_Shell_JavaScript_Dockerfile_SCSS
Skeena_ESI_Wetlands,590,2,1,2,0,0,0,master,R
cap-eagle-admin,590,2,15,1489,0,0.03,2.52,develop,TypeScript_HTML_CSS_JavaScript_Shell_Dockerfile
cap-eagle-public,590,2,17,1174,0,0.03,1.99,develop,TypeScript_HTML_CSS_JavaScript_Shell_Dockerfile
cap-eagle-dev-guides,590,2,11,93,0,0.02,0.16,master,Shell_PowerShell_JavaScript
cap-eagle-api,590,2,38,896,0,0.06,1.52,develop,JavaScript_Shell
ckanext-bcgov-schema,590,2,30,86,0,0.05,0.15,master,JavaScript_HTML_Python_CSS
cap-eagle-helper-pods,590,2,41,116,0,0.07,0.2,master,Groovy_Shell_HCL_Dockerfile
EDUC-PASS,588,2,1,10,0,0,0.02,master,CSS_Java
ds-cop-intro-to-r,587,5,13,162,0.01,0.02,0.28,master,R
moh-prime,583,4,1224,1701,0.01,2.1,2.92,develop,C#_TypeScript_HTML_SCSS_Python_Dockerfile_Shell_JavaScript_Batchfile_Mako
docugate,575,2,12,28,0,0.02,0.05,master,JavaScript_Shell
aries-cloudcontroller-node,574,7,14,59,0.01,0.02,0.1,master,TypeScript_Shell
fams3,574,2,524,2210,0,0.91,3.85,master,C#_Dockerfile_Shell
bcgov-r-geo-workshop,572,28,7,211,0.05,0.01,0.37,master,R
ExitSurveyAdmin,572,151,5,408,0.26,0.01,0.71,master,C#_TypeScript_JavaScript_SCSS_HTML_Shell_CSS
ppr-deprecated,569,576,351,463,1.01,0.62,0.81,master,TypeScript_Python_Vue_Groovy_Shell_CSS_JavaScript_Dockerfile_HTML_Mako
mhr,569,1,0,0,0,0,0,,
pssg-psd-css,567,2,57,146,0,0.1,0.26,master,C#_TypeScript_HTML_Shell_SCSS_JavaScript_Batchfile
moh-bcp,566,2,220,988,0,0.39,1.74,master,TypeScript_HTML_SCSS_JavaScript_Shell_Dockerfile
moh-address-validation,566,2,6,24,0,0.01,0.04,master,JavaScript
jag-cullencommission,562,1,1240,2791,0,2.2,4.96,master,PHP_HTML_SCSS_Dockerfile_Groovy_Hack_Shell
Biodiversity_CC,561,2,1,3,0,0,0.01,master,R
telemetry,559,3,3,58,0.01,0.01,0.1,master,R
EDUC-KEYCLOAK-SOAM,558,2,267,760,0,0.48,1.36,master,Shell_Java_TypeScript_JavaScript_Groovy_FreeMarker_CSS_Dockerfile
popProjApp,558,2,2,17,0,0,0.03,master,R
hsdProj,558,3,1,12,0.01,0,0.02,master,R
GCS,558,3,1,25,0.01,0,0.04,master,R
Forester-Job-Placement,555,17,42,491,0.03,0.08,0.88,master,TypeScript_HTML_JavaScript_Python_Shell_CSS_Groovy_Dockerfile
embc-ess-mod,552,2,322,1578,0,0.58,2.85,master,C#_TypeScript_HTML_SCSS_JavaScript_Dockerfile_PowerShell
NRPTI,552,3,833,1110,0.01,1.51,2.01,master,TypeScript_JavaScript_HTML_SCSS_Groovy_Dockerfile_Shell
dpdd-snippets,551,4,5,65,0.01,0.01,0.12,master,R
design-system-web-components,548,3,9,120,0.01,0.02,0.22,master,TypeScript_SCSS_JavaScript_HTML
pipeline-bot,545,2,87,377,0,0.16,0.69,master,CoffeeScript_Shell_Dockerfile_Batchfile
cass-api,545,1,13,517,0,0.02,0.95,master,TypeScript_Shell_HTML_TSQL_Batchfile_Groovy_JavaScript_Dockerfile
cass-frontend,545,1,22,1075,0,0.04,1.97,master,TypeScript_JavaScript_CSS_Groovy_Shell_HTML_Dockerfile
bc-fwa-river-profiles,544,10,3,25,0.02,0.01,0.05,master,R
GDX-Analytics-Looker-SBC-Call-Centre,542,2,8,26,0,0.01,0.05,master,LookML
invasivesBC-mussels-iOS,540,7,170,554,0.01,0.31,1.02,master,Swift_Shell_Objective-C_Ruby
eagle-mobile-inspections,540,2,29,70,0,0.05,0.13,develop,JavaScript_Objective-C_Java_Starlark
keycloak-group-extension,538,2,1,22,0,0,0.04,master,Java_FreeMarker
shinywqg,538,61,9,357,0.11,0.02,0.66,master,R_CSS_HTML
nr-metabase-showcase,537,2,2,9,0,0,0.02,master,Java_HTML_CSS
tukey,533,2,4,7,0,0.01,0.01,master,CSS_FreeMarker
CANSIM-retail-trade-shiny,533,4,2,41,0.01,0,0.08,master,R
issuer-kit,533,81,192,810,0.15,0.36,1.52,master,TypeScript_Vue_HTML_Shell_JavaScript_Dockerfile_SCSS
EDUC-STUDENT-API,533,2,108,465,0,0.2,0.87,master,Java_Shell_Dockerfile
EDUC-PEN-REQUEST-API,532,4,96,540,0.01,0.18,1.01,master,Java_Shell_Dockerfile
ols-geocoder-cpf-plugin,532,3,17,40,0.01,0.03,0.08,dev,Java
cap-eagle-mobile-inspections,532,2,3,18,0,0.01,0.03,develop,JavaScript_Objective-C_Java_Starlark
HMCR,531,3,612,1238,0.01,1.15,2.33,master,TSQL_C#_JavaScript_SCSS_Groovy_HTML_Shell_Dockerfile
common-document-generation-service,530,3,58,229,0.01,0.11,0.43,master,JavaScript_Groovy_Shell
digital_marketplace,530,11,140,1874,0.02,0.26,3.53,development,TypeScript_SCSS_JavaScript_Groovy_HTML_Nix_Shell_Dockerfile
EDUC-SOAM-API,526,2,27,253,0,0.05,0.48,master,Java_Shell_Dockerfile
sfts2s3,525,5,8,29,0.01,0.02,0.06,master,HTML_JavaScript_CSS_Dockerfile
jag-dps,524,2,354,1052,0,0.68,2.01,master,Java_Shell_Dockerfile
PIMS,523,5,1096,1261,0.01,2.09,2.41,dev,C#_TypeScript_TSQL_Python_SCSS_Shell_Groovy_JavaScript_Dockerfile_Makefile_HTML_PLpgSQL
namerequest,523,3,368,551,0.01,0.7,1.05,main,Vue_TypeScript_Groovy_Sass_SCSS_JavaScript_Makefile_HTML_Dockerfile_Shell
EDUC-STUDENT-ADMIN,520,2,550,1844,0,1.06,3.54,master,Vue_JavaScript_Shell_CSS_HTML_Dockerfile_TypeScript
bcsnowdata,520,2,1,63,0,0,0.12,master,R
digital-policy,520,7,8,120,0.01,0.02,0.23,master,
zeva,517,2,663,117,0,1.28,0.23,release-1.25.0,Python_JavaScript_Shell_CSS_SCSS_PLpgSQL_Dockerfile_Groovy_Jupyter Notebook_HTML
digital.gov.bc.ca,515,452,203,1308,0.88,0.39,2.54,develop,JavaScript_HTML_Jinja_CSS_Dockerfile_Shell
EDUC-INFRA-COMMON,514,2,91,734,0,0.18,1.43,master,CSS_HTML_JavaScript_Shell_Dockerfile_Batchfile
digital-principles,512,23,6,26,0.04,0.01,0.05,master,
offSiteTrees,511,2,2,6,0,0,0.01,master,R
Similkameen-WQOs,511,2,2,28,0,0,0.05,master,R
arcgis_hackers,510,3,2,31,0.01,0,0.06,master,Python
AGOL-PullandPushMetadata,510,1,3,7,0,0.01,0.01,master,Jupyter Notebook
AGOL_UsageReport,509,1,1,2,0,0,0,master,Jupyter Notebook
bcdevexchange,506,14,80,275,0.03,0.16,0.54,master,HTML_CSS_C#_JavaScript_Shell_Dockerfile
MapRobot,506,1,1,2,0,0,0,master,Python
eagle-minio-openshift,506,0,2,35,0,0,0.07,master,Groovy_Dockerfile_Shell
sae-virtual-display,505,2,24,165,0,0.05,0.33,develop,JavaScript_Python_HTML_CSS_Dockerfile_Smarty_HCL_Shell
SBC_DivApps,505,4,96,107,0.01,0.19,0.21,master,JavaScript_Java_Python_CSS_Vue_HTML_TypeScript_Dockerfile_SCSS_Groovy
design-research-guide,504,22,6,206,0.04,0.01,0.41,master,CSS
smk-tlink,504,161,36,251,0.32,0.07,0.5,develop,HTML_JavaScript_Shell_CSS
MPB-regeneration,498,3,2,70,0.01,0,0.14,master,R
citz-imb-sp-breadcrumbs,497,2,8,23,0,0.02,0.05,main,JavaScript_HTML
BCSC-SS,497,3,331,1492,0.01,0.66,3,dev,Python_Vue_TypeScript_HTML_Shell_SCSS_Dockerfile_Makefile_JavaScript_Mako
business-create-ui,497,3,195,251,0.01,0.39,0.5,main,TypeScript_Vue_Groovy_SCSS_Makefile_JavaScript_HTML_Dockerfile_Shell
citz-imb-sp-vdr,497,2,47,45,0,0.09,0.09,master,JavaScript_CSS_HTML_Shell
moose_lch,496,3,2,28,0.01,0,0.06,master,HTML
moh-soapui,495,2,1,7,0,0,0.01,master,Dockerfile
jag-ceis-crdp-integration,495,2,1,1,0,0,0,master,
bcdc2bcdc,492,1,10,139,0,0.02,0.28,dev,Python_Dockerfile
bcrs-utilities,492,2,3,4,0,0.01,0.01,master,Python_Dockerfile
EDUC-DOCUMENT-API,490,2,2,14,0,0,0.03,master,Java
design-system-temporary,490,3,11,9,0.01,0.02,0.02,master,JavaScript_HTML
common-service-showcase,489,15,36,97,0.03,0.07,0.2,gh-pages,HTML_SCSS_Ruby_Shell
EDUC-COURSE-ACHIEVE-API,489,2,1,5,0,0,0.01,master,Java
sbc-search,489,179,39,857,0.37,0.08,1.75,main,Python_Vue_TypeScript_JavaScript_Makefile_Dockerfile_Shell_SCSS_HTML_Mako
sdd-nifi,489,2,2,54,0,0,0.11,develop,Python_Shell_Dockerfile_JavaScript
bcrs-template-ui,485,2,1,14,0,0,0.03,master,Groovy_TypeScript_CSS_Vue_JavaScript_HTML
EDUC-COURSE-ACHIEVEMENT-UI,479,2,11,34,0,0.02,0.07,master,Vue_JavaScript_HTML_Dockerfile
zevtesthello,478,2,3,3,0,0.01,0.01,master,JavaScript_Groovy_Shell_Dockerfile_Python
diputils,475,13,2,169,0.03,0,0.36,master,Python_C++_Shell_R_C_HTML
nr-arch,470,7,5,196,0.01,0.01,0.42,master,SCSS_HTML_Ruby_JavaScript
aporeto-demo-project,468,2,4,37,0,0.01,0.08,master,
wqg_data,464,87,3,212,0.19,0.01,0.46,master,R
maltd,464,3,189,703,0.01,0.41,1.51,master,C#_JavaScript_CSS_Dockerfile_HTML_Shell
cap-information,462,2,12,16,0,0.03,0.03,master,
rsbc-dmf,461,1,19,5,0,0.04,0.01,master,
EDUC-curricdrpl,460,2,4,127,0,0.01,0.28,master,PHP_Twig_JavaScript_CSS_SCSS_Less_HTML_Shell
devops-credential-issuer,460,7,21,82,0.02,0.05,0.18,master,Shell_Groovy_HTML_JavaScript
moh-iam,457,3,4,173,0.01,0.01,0.38,master,FreeMarker_Java_CSS_PHP_JavaScript_HTML
GDX-Analytics-Looker-CMSLite-Metadata,457,2,13,49,0,0.03,0.11,master,LookML
family-law-act-app,456,1,199,1283,0,0.44,2.81,master,HTML_Vue_Python_TypeScript_Shell_SCSS_JavaScript_Dockerfile_Groovy
wps,454,698,214,263,1.53,0.47,0.58,main,Python_TypeScript_Shell_Gherkin_Dockerfile_Makefile_HTML_CSS_JavaScript_Mako
hosted-application-logging-performance-aggregation-services,453,2,6,40,0,0.01,0.09,master,
common-components-wiki,453,2,43,98,0,0.09,0.22,master,Ruby
common-logging,450,2,20,65,0,0.04,0.14,master,JavaScript_Groovy
cas-helm,449,2,13,79,0,0.03,0.18,master,Smarty_Shell_Dockerfile
openshift-launchpad,449,2,40,7,0,0.09,0.02,master,
gwater-report,448,6,4,66,0.01,0.01,0.15,master,R
wps-api,448,47,90,90,0.1,0.2,0.2,main,Python_Shell_Gherkin_HTML_Makefile_Dockerfile_Mako
wps-web,448,5,171,147,0.01,0.38,0.33,main,TypeScript_Shell_JavaScript_Groovy_HTML_CSS_Dockerfile
cap-eagle-traffic-runner,447,2,7,21,0,0.02,0.05,master,Shell_Dockerfile
cas-airflow,447,2,66,338,0,0.15,0.75,develop,Python_Mustache_Shell_Dockerfile
moh-middleware-test,447,2,2,2,0,0,0,master,Java
bcstats_ohcs_craigslist,446,17,1,337,0.04,0,0.75,master,Python_C++_C_R_Shell
jag-instrumentation,446,2,20,67,0,0.04,0.15,master,Python_PowerShell_Dockerfile
business-schemas,446,2,55,127,0,0.12,0.28,master,Python_Makefile_Shell
EDUC-SERVICES-CARD-API,443,2,19,135,0,0.04,0.3,master,Java_Shell_Dockerfile
aries-vcr-api-draft,436,1,0,0,0,0,0,,
healthgateproxy,435,2,13,71,0,0.03,0.16,master,JavaScript
EDUC-PEN-DEMOG-API,435,3,20,158,0.01,0.05,0.36,master,Java_Shell_Dockerfile
business-filings-ui,434,2,194,982,0,0.45,2.26,main,TypeScript_Vue_Groovy_SCSS_JavaScript_Makefile_HTML_Dockerfile_Shell
RSBC-DataHub-API,433,3,73,570,0.01,0.17,1.31,master,Python_HTML_JavaScript_Groovy_TSQL_Dockerfile_Shell
jag-justin-courtlist-api,433,2,7,35,0,0.02,0.08,master,Java_XSLT
jag-ecrc,433,2,415,1946,0,0.96,4.49,master,JavaScript_Java_CSS_Dockerfile_HTML_Shell
Wetland_SkeenaESI_Monitoring,428,3,3,38,0.01,0.01,0.09,master,R
bcsc-sample-client,427,2,3,8,0,0.01,0.02,master,Java_HTML_CSS_JavaScript
cloud-adoption-patterns-II,427,3,3,7,0.01,0.01,0.02,master,
cloud-pathfinder,427,794,7,44,1.86,0.02,0.1,master,HTML_Python_Dockerfile
cloud-pathfinder-business-process,427,207,1,3,0.48,0,0.01,master,
python_beginning,426,2,14,42,0,0.03,0.1,master,Jupyter Notebook_Python
intro-to-r,426,2,2,52,0,0,0.12,master,
dipr,425,6,6,23,0.01,0.01,0.05,master,R
metadata-curator,422,2,66,300,0,0.16,0.71,develop,JavaScript_Vue_HCL_Shell_Smarty_HTML_Python_Dockerfile_CSS
nr-team-zero,419,2,1,6,0,0,0.01,master,
citz-imb-sp-collectionnavigation,419,2,4,8,0,0.01,0.02,main,JavaScript_HTML_TypeScript_CSS
openshift-launchpad-fe-vue,418,2,3,7,0,0.01,0.02,master,JavaScript_Vue_HTML_Dockerfile_Shell
openshift-launchpad-be-node,418,2,9,6,0,0.02,0.01,master,JavaScript_Dockerfile
openshift-launchpad-fe-react,418,2,6,8,0,0.01,0.02,master,JavaScript_Dockerfile_HTML_CSS
openshift-launchpad-be-python,418,2,2,6,0,0,0.01,master,Python_Dockerfile_Mako
citz-imb-sp-peoplepicker,415,2,3,21,0,0.01,0.05,master,JavaScript_CSS_TypeScript_HTML
elucidate,414,2,2,61,0,0,0.15,main,R
EDUC-HUB,413,2,2,15,0,0,0.04,master,C#_HTML_Shell_CSS_JavaScript
EDUC-PROMETHEUS-GRAFANA,412,2,8,65,0,0.02,0.16,master,
openshift-launchpad-deployment,411,2,9,30,0,0.02,0.07,master,Makefile_Shell_Dockerfile
helm-charts,408,2,14,303,0,0.03,0.74,master,Python_Mustache_Smarty_Shell
EDUC-REPORT-API,408,2,29,78,0,0.07,0.19,main,Java
workbc-sdd-map,406,1,1,2,0,0,0,master,
a2a-trust-over-ip-configurations,405,2,48,154,0,0.12,0.38,master,Shell_Groovy_JavaScript_HTML
citz-imb-sp-batchrestapi,405,2,3,6,0,0.01,0.01,master,JavaScript_HTML_CSS
common-components-catalogue,404,2,24,29,0,0.06,0.07,master,JavaScript_CSS_Dockerfile_HTML
foi-report-download,404,2,34,139,0,0.08,0.34,master,JavaScript_Vue_HTML_Shell
common-services-team-library,401,3,12,43,0.01,0.03,0.11,master,JavaScript_Shell_Dockerfile
zeebe-camunda,401,1,1,2,0,0,0,master,Java_Go_Groovy_Shell_Scala_HTML_Dockerfile
bcgov-python-presentations,401,2,3,40,0,0.01,0.1,master,Jupyter Notebook_Python_Shell
cloud-guardrails,401,0,1,143,0,0,0.36,master,JavaScript
CC_Biodiversity_Refugia,400,2,1,6,0,0,0.01,master,R
GDX-Analytics-Looker-FOI,400,2,8,27,0,0.02,0.07,master,LookML
platform-services-status,400,5,32,160,0.01,0.08,0.4,master,Ruby_HTML
cas-shelf,394,2,23,37,0.01,0.06,0.09,master,Shell_HCL_JavaScript_Makefile_Go_Dockerfile
citz-imb-sp-utilities,394,6,9,130,0.02,0.02,0.33,master,JavaScript_CSS
HADF-Overview,393,8,58,293,0.02,0.15,0.74,master,Ruby
bctw-api,392,3,5,355,0.01,0.01,0.9,master,TypeScript_JavaScript_Dockerfile_Shell
openshift-notifications,391,3,15,9,0.01,0.04,0.02,master,JavaScript_Shell_CSS_HTML
bctw-ui,391,3,7,395,0.01,0.02,1.01,master,TypeScript_Pug_JavaScript_SCSS_HTML_Shell_CSS
gdx-covid-19-dashboard,391,2,16,39,0.01,0.04,0.1,develop,TypeScript_HTML_CSS_Shell_JavaScript_Dockerfile
covid19,389,27,2,5,0.07,0.01,0.01,master,
epr,388,24,13,13,0.06,0.03,0.03,master,Python_TypeScript_Dockerfile_HTML_Makefile_Shell_CSS
EDUC-RULE-ENGINE-API,387,2,53,103,0.01,0.14,0.27,main,Java_Dockerfile
cascade_border_data,386,3,1,15,0.01,0,0.04,master,HTML
spa-text-service,385,2,2,14,0.01,0.01,0.04,master,JavaScript
common-hosted-form-service,385,2,160,752,0.01,0.41,1.95,master,JavaScript_Vue_TypeScript_HTML_Groovy_SCSS_Shell
EDUC-LOAD-TEST,385,2,8,25,0.01,0.02,0.06,master,JavaScript
InvasivesBC-iOS,384,6,34,138,0.02,0.09,0.36,master,Swift_Shell_Ruby
enhanced-travel-screening,380,4,145,154,0.01,0.38,0.4,master,JavaScript_Makefile_Shell_Dockerfile_HTML
bctw-db,380,3,2,40,0.01,0.01,0.11,master,PLpgSQL_Dockerfile
ts-rs-modis-snow-perc-norm,379,3,2,17,0.01,0.01,0.04,master,R
bcrs-charts,378,2,3,8,0.01,0.01,0.02,master,Shell_Smarty
essential-services-delivery,378,9,95,354,0.02,0.25,0.93,master,Shell_HTML_Groovy_JavaScript
vc-visual-verifier,374,3,9,31,0.01,0.02,0.08,master,Python_Shell_HTML_Dockerfile
dts-esr-demo,373,2,21,34,0.01,0.06,0.09,master,Vue_TypeScript_HTML_JavaScript_Dockerfile_SCSS
dts-safe-entry-demo,373,2,16,39,0.01,0.04,0.1,master,Vue_TypeScript_Shell_HTML_JavaScript_Dockerfile_SCSS
namex-synonyms-api-py-client,371,3,11,12,0.01,0.03,0.03,master,Python_Shell
EDUC-STUDENT-PROFILE-API,371,2,36,149,0.01,0.1,0.4,master,Java_Shell_Dockerfile
forum-api,371,2,6,19,0.01,0.02,0.05,master,JavaScript_Shell_Dockerfile_HTML
ds-intro-to-r-2-day,371,10,24,288,0.03,0.06,0.77,master,R
Foreign-Farm-Workers-Permitting-System,369,0,53,148,0,0.14,0.4,master,JavaScript_Makefile_HTML_Shell_Dockerfile
EDUC-STUDENT-PROFILE-EMAIL-API,369,3,23,175,0.01,0.06,0.47,master,Java_Shell_Dockerfile
test-123,369,2,1,1,0.01,0,0,master,
silviculture-ipc,367,1,115,488,0,0.31,1.33,master,JavaScript_Vue_Groovy_HTML_CSS
secure-image-app,366,7,8,780,0.02,0.02,2.13,master,Kotlin_Swift_JavaScript_HTML_CSS_Smarty_Shell_Ruby_Dockerfile
EDUC-STUDENT-PROFILE,366,2,88,358,0.01,0.24,0.98,master,JavaScript_Vue_Shell_HTML_CSS_Dockerfile
platform-services-registry,365,231,152,714,0.63,0.42,1.95,master,HTML_TypeScript_JavaScript_PLpgSQL_Dockerfile_Shell
supreme-court-viewer,363,2,159,755,0.01,0.44,2.08,master,C#_Vue_RAML_TypeScript_Shell_SCSS_Dockerfile_JavaScript_HTML
EDUC-STUDENT-PROFILE-SAGA-API,363,3,36,204,0.01,0.1,0.56,master,Java_Shell_Dockerfile
bowron-ssn-openstars,358,4,0,5,0.01,0,0.01,master,R
servicescard-selfservice,358,4,6,23,0.01,0.02,0.06,master,
jag-pcss,356,2,32,78,0.01,0.09,0.22,master,Java_Dockerfile
indy-tails-server,356,10,7,48,0.03,0.02,0.13,master,Python_Shell
moh-eRx,355,2,37,337,0.01,0.1,0.95,dev,C#_JavaScript_Shell_Dockerfile
jag-bcsc-auth-service,355,3,12,39,0.01,0.03,0.11,master,Java_Dockerfile
forms-flow-ai,355,0,17,237,0,0.05,0.67,master,JavaScript_Python_Java_SCSS_CSS_Shell_HTML_Dockerfile_Mako
supreme-court-viewer-configurations,353,2,11,46,0.01,0.03,0.13,master,Shell_Groovy
sdpr-orbeon,352,1,2,6,0,0.01,0.02,master,
data-publication,352,5,24,312,0.01,0.07,0.88,master,SCSS_Ruby
platform-ops-argo-poc,351,8,5,3,0.02,0.01,0.01,master,
dormant-site-reclamation-program,350,2,60,1603,0.01,0.17,4.57,develop,Python_JavaScript_Groovy_SCSS_PLpgSQL_Shell_Makefile_Dockerfile_HTML
CITZ-IMB-playbook,349,8,14,203,0.02,0.04,0.58,master,SCSS_HTML_Ruby_JavaScript
CITZ-IMB-Capstone2020,349,2,72,269,0.01,0.21,0.77,master,JavaScript_Groovy_HTML_CSS_Shell_Dockerfile
moh-fpincome,349,2,76,276,0.01,0.22,0.79,master,TypeScript_HTML_SCSS_JavaScript_Dockerfile_Shell
common-forms-toolkit,343,2,168,594,0.01,0.49,1.73,master,JavaScript_Vue_HTML_Groovy_Shell_SCSS_Dockerfile
service-analytics-guide,343,2,2,5,0.01,0.01,0.01,master,CSS
moh-keycloak-user-management,337,6,60,198,0.02,0.18,0.59,master,Java_Vue_JavaScript_CSS_HTML_SCSS_Shell
sae-docs-bridge,336,2,10,3,0.01,0.03,0.01,master,JavaScript_Dockerfile_Shell
nr-dell-objectstore_admin,335,1,2,13,0,0.01,0.04,master,Python
site-status-checker,335,2,5,34,0.01,0.01,0.1,master,Shell
jag-vips-client,335,2,32,66,0.01,0.1,0.2,master,Java
EDUC-SERVICES-CARD-SAGA-API,335,1,2,10,0,0.01,0.03,master,Java_Shell
startup-sample-project,331,3,41,157,0.01,0.12,0.47,master,JavaScript_HCL_Makefile_Shell_PowerShell_Dockerfile_HTML
STUDENTSUCCESS-V2.0,330,2,8,82,0.01,0.02,0.25,master,Vue_JavaScript_HTML_Shell
Wetlands_OperationalFactors_SkeenaEastESI,329,1,1,48,0,0,0.15,master,Python
violation-dispute-form,329,2,99,1021,0.01,0.3,3.1,master,HTML_TypeScript_Python_Shell_SCSS_JavaScript_Dockerfile
embc-eaf,328,2,59,171,0.01,0.18,0.52,develop,C#_TypeScript_HTML_SCSS_Shell_JavaScript_Dockerfile_Batchfile
s2i-caddy-nodejs,328,2,3,12,0.01,0.01,0.04,master,Shell_Dockerfile_Makefile_HTML
containerization-and-cloud-economic-model,325,4,12,15,0.01,0.04,0.05,master,Vue_JavaScript_SCSS_Shell_HTML
semantic_infer,324,2,3,27,0.01,0.01,0.08,master,JavaScript
jag-rsbc-digital-forms-vips-integration,323,2,126,373,0.01,0.39,1.15,master,Java_Gherkin_Shell_Dockerfile
jag-file-submission,320,16,1868,7064,0.05,5.82,22.01,master,Java_JavaScript_Gherkin_SCSS_Shell_HTML_Dockerfile_CSS_Ruby
cas-notebooks,317,2,3,2,0.01,0.01,0.01,master,Jupyter Notebook_Shell_Makefile
bcregistry,316,2,1,2,0.01,0,0.01,main,
IRIS,316,14,1,1,0.04,0,0,master,
Protected-Area-Wetland-Assessment-By-Assessment-Area,316,1,1,14,0,0,0.04,master,Python
community-air-quality-reports,315,2,1,9,0.01,0,0.03,master,R
EDUC-EDNET,313,3,3,92,0.01,0.01,0.29,master,CSS_JavaScript_Twig_SCSS_PHP
figma,310,13,2,17,0.04,0.01,0.05,master,
labour-force-survey-digest,304,10,8,151,0.03,0.03,0.5,master,R
nr-mals,302,2,139,372,0.01,0.46,1.23,master,JavaScript_PLpgSQL_Batchfile_SCSS_TypeScript_Shell_HTML_Dockerfile
cloud-iac,300,2,3,3,0.01,0.01,0.01,master,HCL
mobile-signing-service,299,17,14,685,0.06,0.05,2.28,master,JavaScript_CSS_Groovy_Shell_HTML_Dockerfile
nr-alm-ops,296,1,9,21,0,0.03,0.07,master,Shell_JavaScript_Dockerfile_Python_PowerShell_HCL
namex-payment-api-py-client,295,3,2,3,0.01,0.01,0.01,dev,Python_Shell
bcwebmaps-options,290,7,21,548,0.02,0.07,1.89,master,SCSS_HTML_Ruby_JavaScript
moh-plr-fhir,281,3,1,35,0.01,0,0.12,master,GLSL_Batchfile_Shell_CSS_HTML
CIT,279,3,660,2289,0.01,2.37,8.2,develop,Python_JavaScript_HCL_CSS_SCSS_Shell_HTML_Dockerfile
moh-hnclient-v2-PoC,279,3,9,49,0.01,0.03,0.18,master,Java_Batchfile
react-shared-components,274,15,392,802,0.05,1.43,2.92,master,JavaScript_CSS_Shell
EDUC-PEN-REG-BATCH-API,273,3,154,599,0.01,0.56,2.19,master,Java_Shell_Dockerfile
spring-boot-starters,273,4,23,99,0.01,0.08,0.36,master,Java
Digital-Support-Team-Guidelines,272,4,1,9,0.01,0,0.03,master,
tutorials,268,0,1,19654,0,0,73.08,master,Java_JavaScript_CSS_HTML_TypeScript_Kotlin_Groovy_AspectJ_Shell_FreeMarker_RAML_ANTLR_TSQL_Scala_Python_Dockerfile_Gherkin_HCL_Batchfile_C++_PLpgSQL_Clojure_Starlark_Smarty_XSLT_Rich Text Format_Thrift_CLIPS_R
EDUC-PEN-MATCH-API,266,3,35,264,0.01,0.13,0.99,master,Java_Shell_Dockerfile
smk-tradebc,264,3,4,2,0.01,0.02,0.01,master,
epi.branch.sim,258,8,2,91,0.03,0.01,0.35,main,R
Watershed_SkeenaESI_Monitoring,257,3,1,3,0.01,0,0.01,master,R
workbc-small-grants,254,3,16,263,0.01,0.06,1.03,master,JavaScript_HTML_SCSS
bcdc-smk,254,3,71,223,0.01,0.28,0.88,dev,Python_CSS_HTML_Dockerfile_JavaScript
CE_RipDist_AddingFireInsect,253,1,1,33,0,0,0.13,master,Python
orgbook-api,253,2,9,82,0.01,0.04,0.32,main,
Technology-Code-of-Practice,251,0,1,26,0,0,0.1,master,
jag-isb-splunk-chatops,247,3,55,123,0.01,0.22,0.5,main,Java_JavaScript_HTML_Dockerfile_CSS_Shell
EDUC-forms,246,3,2,36,0.01,0.01,0.15,master,JavaScript_PHP_HTML_Shell
business-edit-ui,244,2,173,452,0.01,0.71,1.85,main,TypeScript_Vue_Groovy_SCSS_Makefile_JavaScript_HTML_Dockerfile_Shell
vue-shared-components,244,4,152,245,0.02,0.62,1,master,Vue_JavaScript_CSS_HTML
smk-cli,244,43,17,242,0.18,0.07,0.99,master,JavaScript_HTML_CSS_Shell
gwa-cli,243,6,21,156,0.02,0.09,0.64,master,JavaScript_TypeScript
api-serv-gw,241,3,2,1,0.01,0.01,0,master,
bcrs-shared-components,239,3,52,169,0.01,0.22,0.7,master,TypeScript_Vue_SCSS_JavaScript_CSS
citz-imb-sp-projectIntakeForm,238,3,3,13,0.01,0.01,0.05,master,TypeScript_HTML_CSS_JavaScript
agri-nmp-msa,238,3,3,55,0.01,0.01,0.23,master,JavaScript_Java_SCSS_Groovy_Shell_HTML
workbc-wage-subsidy,233,3,32,306,0.01,0.14,1.31,master,JavaScript_HTML_SCSS
hcap,231,0,343,333,0,1.48,1.44,master,JavaScript_Makefile_Shell_Dockerfile_HTML
EDUC-PEN-DEMOG-MIGRATION-API,229,3,6,131,0.01,0.03,0.57,master,Java_Shell_Dockerfile
entity-selection-tool,223,3,5,267,0.01,0.02,1.19,master,Vue_Groovy_JavaScript_HTML
moh-iam-kong-keycloak,223,0,1,10,0,0,0.04,master,Dockerfile
sheriff-scheduling,223,3,94,1141,0.01,0.42,5.12,master,C#_Vue_SCSS_TypeScript_Shell_RAML_Dockerfile_JavaScript_HTML
biohubbc,218,6,244,216,0.03,1.11,0.99,dev,TypeScript_JavaScript_Shell_Dockerfile_Makefile_PLpgSQL_SCSS_Python_HTML
biohubbc-common-codes,218,4,16,31,0.02,0.07,0.14,dev,TypeScript_PLpgSQL_JavaScript_Makefile_Dockerfile_HTML_Shell_CSS
jason-test-123,218,3,1,26,0.01,0,0.12,master,
MD10A1_MSLP_LDA,218,3,1,28,0.01,0,0.13,master,R_TeX_Python
bcmoh-iam-integration-guide,218,3,1,35,0.01,0,0.16,master,Shell
sheriff-scheduling-configurations,216,3,30,102,0.01,0.14,0.47,master,Shell_Groovy_Dockerfile
ensemble-app-CMIP5,216,1,1,10,0,0,0.05,master,R_CSS_JavaScript
parks-adventure-mobile,216,3,47,234,0.01,0.22,1.08,integration,JavaScript
invasivesbc,215,389,314,356,1.8,1.45,1.65,dev,TypeScript_JavaScript_Makefile_Shell_Dockerfile_Swift_SCSS_Java_CSS_HTML_Ruby
GDX-Analytics-Looker-DES-Reporting,215,3,11,31,0.01,0.05,0.14,master,LookML
moh-iam-kong-plugin,213,3,1,25,0.01,0,0.12,master,Lua_Shell
Interactive_topic_modeling,209,3,3,8,0.01,0.01,0.04,master,
GCS_update,206,4,2,13,0.02,0.01,0.06,main,R
vue-scaffold,205,5,11,82,0.02,0.05,0.4,master,JavaScript_Vue_Groovy_SCSS_HTML_Shell
EDUC-MSDYN-COMMON,205,3,1,3,0.01,0,0.01,master,
EDUC-PEN-SERVICES-API,205,3,46,200,0.01,0.22,0.98,master,Java_Shell_Dockerfile
bcrs-testing,204,3,5,7,0.01,0.02,0.03,master,Python_TypeScript_JavaScript_Shell_Makefile
FNDFAS,203,0,2,23,0,0.01,0.11,master,R_HTML_CSS
pssg-cscp-vsu,197,3,60,215,0.02,0.3,1.09,development,TypeScript_HTML_C#_SCSS_JavaScript_Shell_Groovy_CSS
EDUC-STUDENT-COURSE_API,197,3,52,108,0.02,0.26,0.55,main,Java
gwa-api,197,4,22,251,0.02,0.11,1.27,dev,Python_Shell_Dockerfile_HTML
EDUC-STUDENT-ASSESSMENT-API,197,3,25,59,0.02,0.13,0.3,main,Java
EDUC-GRAD-TOOLS,196,3,12,37,0.02,0.06,0.19,main,Java
EDUC-PEN-REG-AUTOMATION,196,3,0,172,0.02,0,0.87,main,JavaScript_Dockerfile
GDX-Analytics-Looker-Maintenance,196,3,9,32,0.02,0.05,0.16,master,LookML
EDUC-GRAD-STUDENT-API,190,3,78,164,0.02,0.41,0.86,main,Java_Dockerfile
EDUC-GRAD-ADMIN,188,3,2,426,0.02,0.01,2.26,master,Vue_JavaScript_HTML_CSS
MOH-MSP-Enrolment,187,3,29,271,0.02,0.15,1.44,main,TypeScript_HTML_JavaScript_SCSS_Dockerfile_Shell
whse_2_agol,187,16,2,8,0.09,0.01,0.04,main,
EDUC-GRAD-COURSE-API,184,3,27,66,0.02,0.15,0.36,main,Java
issuer-kit-demo-verifier-chat,184,6,22,80,0.03,0.12,0.43,main,TypeScript_HTML_JavaScript_SCSS_Shell_Groovy_Dockerfile
MoH-SAT,184,3,369,724,0.02,2.01,3.93,main,Apex_JavaScript_HTML_CSS_ObjectScript_Batchfile_Shell
ddm-documents,183,3,1,4,0.02,0.01,0.02,main,
BGC3D,183,1,1,11,0.01,0.01,0.06,main,R_CSS_JavaScript
ClimateApp_FLP,183,1,1,3,0.01,0.01,0.02,main,R_CSS_JavaScript
nr-designer-erstudio,182,3,1,5,0.02,0.01,0.03,main,Python_Batchfile
EDUC-GRAD-SANDBOX-REPO,182,3,2,18,0.02,0.01,0.1,main,Java_Dockerfile
EDUC-GRAD-ASSESSMENT-API,181,3,19,44,0.02,0.1,0.24,main,Java
von-bc-registries-audit,177,1,1,1,0.01,0.01,0.01,master,Python
EDUC-GRAD-PROGRAM-MANAGEMENT-API,175,3,45,95,0.02,0.26,0.54,main,Java
EDUC-GRAD-ALGORITHM-API,174,3,104,196,0.02,0.59,1.12,main,Java_Dockerfile
jag-document-utils,173,3,63,197,0.02,0.36,1.13,main,Java_Dockerfile
EDUC-GRAD-SCHOOL-API,170,3,36,69,0.02,0.21,0.4,main,Java
patroni-postgres-container,170,4,3,19,0.02,0.02,0.11,master,Shell_Dockerfile
EDUC-GRAD-PSI-API,167,3,14,27,0.02,0.08,0.16,main,Java
smk-fap-bcfls,167,3,13,31,0.02,0.08,0.18,dev,HTML_Dockerfile_CSS_JavaScript
smk-fap-fcb,167,3,98,375,0.02,0.58,2.23,dev,HTML_Dockerfile_CSS_JavaScript
smk-fap-stcb,167,3,17,29,0.02,0.1,0.17,dev,HTML_Dockerfile_CSS_JavaScript
geoserver_build,166,6,2,7,0.04,0.01,0.04,main,
EDUC-GRAD-CODE-API,162,3,36,82,0.02,0.22,0.5,main,Java
ofi-tools,162,3,10,70,0.02,0.06,0.43,dev,CSS_Vue_HTML_Dockerfile_JavaScript_Shell
court-interpreter-scheduling,160,3,104,118,0.02,0.65,0.73,dev,TypeScript_Makefile_JavaScript_HCL_Shell_CSS_Dockerfile_HTML
tracks,160,4,12,22,0.02,0.07,0.14,main,TypeScript_Go_SCSS_JavaScript_Dockerfile_HTML_Shell
tracks-devops,160,4,2,27,0.02,0.01,0.17,main,Shell_Dockerfile
jag-pci-gateway,160,3,66,76,0.02,0.41,0.47,main,Java_Dockerfile_Gherkin
Wetland_Summary,154,3,1,3,0.02,0.01,0.02,main,R
sbc-maximus-services,154,3,1,50,0.02,0.01,0.32,main,JavaScript_Shell
mines-digital-trust,154,4,43,89,0.03,0.28,0.58,develop,Java_Vue_Python_JavaScript_Shell_Smarty_Dockerfile_SCSS_Handlebars_HTML
EDUC-GRAD-GRADUATION-STATUS-API,149,3,41,78,0.02,0.27,0.52,main,Java
cmip6-BC,148,12,9,60,0.08,0.06,0.4,main,HTML_R_CSS_JavaScript
EDUC-GRAD-GRADUATION-API,148,3,54,107,0.02,0.36,0.72,main,Java
EDUC-GRAD-COMMON-API,148,3,43,77,0.02,0.29,0.52,main,Java
moh-bcer,146,3,12,54,0.02,0.08,0.37,main,TypeScript_JavaScript_Makefile_CSS_SCSS_HTML_Shell_Dockerfile
EDUC-SCHOOL-API,145,3,5,26,0.02,0.03,0.18,master,Java_Shell_Dockerfile
SSAF_FFH_Summary,145,1,1,48,0.01,0.01,0.33,main,R
safepaths,142,5,1,20,0.04,0.01,0.14,main,R
pssg-cscp-cpu,140,3,23,57,0.02,0.16,0.4,development,C#_TypeScript_HTML_CSS_SCSS_Shell_Groovy_JavaScript_Dockerfile_Batchfile
crt,140,4,348,8,0.03,2.47,0.06,master,
EDUC-SLD-API,140,3,14,43,0.02,0.1,0.31,main,Java_Shell_Dockerfile
EDUC-PEN-TRAX-API,140,3,2,13,0.02,0.01,0.09,master,Java_Shell_Dockerfile
jag-lrb-web,138,3,33,120,0.02,0.24,0.86,main,PHP_JavaScript_CSS_Twig_HTML_Shell_SCSS_Groovy_Dockerfile
NotifyBC,136,11,16,1070,0.08,0.12,7.83,main,TypeScript_Vue_JavaScript_Shell_Smarty_EJS_HTML_Dockerfile
SIMS,135,253,106,142,1.86,0.78,1.04,main,TypeScript_Vue_Makefile_JavaScript_HTML_Dockerfile_Shell
moh-maid,132,3,122,545,0.02,0.92,4.1,main,
cas-airflow-upstream,128,0,4,11303,0,0.03,87.7,master,Python_Shell_HTML_Dockerfile_JavaScript_CSS_HCL_Jupyter Notebook_Mako
climate-disturbances,128,0,8,65,0,0.06,0.51,main,R
nr-fom-admin,126,2,11,63,0.02,0.09,0.5,master,TypeScript_HTML_SCSS_JavaScript_PowerShell_Dockerfile
aps-portal,125,2,12,540,0.02,0.1,4.29,dev,TypeScript_JavaScript_HTML_CSS_Dockerfile
nr-fom-public,125,2,12,77,0.02,0.1,0.61,master,TypeScript_SCSS_HTML_JavaScript_PowerShell_Dockerfile
nr-fom-api,125,2,49,206,0.02,0.39,1.64,master,JavaScript_TypeScript_Mustache_Shell_PowerShell_Dockerfile
MOH-AOP-OOP,124,2,126,530,0.02,1.01,4.24,main,Vue_JavaScript_TypeScript_HTML_CSS_Shell
bc-data-literacy-self-assessment,124,0,1,124,0,0.01,0.99,master,JavaScript_CSS_HTML
streamflow-indicator,122,2,1,8,0.02,0.01,0.07,main,
ccsummary-tahltan,113,2,1,2,0.02,0.01,0.02,main,R_CSS_JavaScript
MOH-BCP-Enrolment,106,2,12,61,0.02,0.11,0.57,main,TypeScript_JavaScript_HTML_SCSS_Shell_Dockerfile
moh-hnclient-v2,105,2,11,44,0.02,0.1,0.42,main,Java
moh-hni-esb,105,2,6,38,0.02,0.06,0.36,main,Java
ccsummary-FLP,105,2,1,9,0.02,0.01,0.09,main,R_CSS_JavaScript
jag-traffic-courts-online,104,2,109,535,0.02,1.04,5.1,main,TypeScript_C#_HTML_SCSS_Dockerfile_Shell_Java_JavaScript_Gherkin
jag-trafficcourts-partner,104,2,2,1,0.02,0.02,0.01,main,
jag-trafficcourts-api,104,2,2,1,0.02,0.02,0.01,main,
rocketchat,104,2,2,128,0.02,0.02,1.22,master,JavaScript_Shell_CSS_HTML_EJS_Dockerfile
moh-external-api-protocol-mapper,102,2,1,15,0.02,0.01,0.15,main,Java
performance,99,183,2,32,1.83,0.02,0.32,master,PHP_Blade_Shell_Dockerfile
citz-imb-sp-aar,99,2,1,1,0.02,0.01,0.01,main,
PSP,99,2,1,7,0.02,0.01,0.07,master,
MOH-FPC-Enrolment,99,2,39,181,0.02,0.39,1.81,main,TypeScript_JavaScript_HTML_Shell_SCSS_Dockerfile
startup-sample-project-terraform-modules,98,2,1,12,0.02,0.01,0.12,master,HCL
Wetzinkwa,97,2,1,5,0.02,0.01,0.05,main,R
aries-vcr-client,97,3,7,37,0.03,0.07,0.38,main,TypeScript_HTML_SCSS_Shell_JavaScript_Dockerfile
Mautic-Subscription-App,96,2,19,447,0.02,0.2,4.61,main,JavaScript_CSS_Shell_HTML
EDUC-PEN-REPORT-GENERATION-API,96,2,15,85,0.02,0.15,0.88,main,TypeScript_JavaScript_Shell_Dockerfile
smk-helms,96,2,5,24,0.02,0.05,0.25,master,Smarty
orgbook-bc-client,95,6,6,31,0.06,0.06,0.32,main,TypeScript_HTML_SCSS_Shell_JavaScript_Dockerfile
orgbook-on-client,95,0,7,27,0,0.07,0.28,main,TypeScript_HTML_SCSS_Shell_JavaScript_Dockerfile
ets-cpf-ea-onboarding,92,2,1,89,0.02,0.01,0.96,master,JavaScript_Makefile_Shell_HCL_PowerShell_Dockerfile_HTML
citz-imb-sp-restapi,92,2,3,9,0.02,0.03,0.1,main,TypeScript_HTML_JavaScript
transportation-datascience-sandbox,90,2,1,4,0.02,0.01,0.04,main,
smk-actions,90,2,6,35,0.02,0.07,0.39,main,Python_Dockerfile
jag-rsbc-nextcloud,90,2,1,4,0.02,0.01,0.04,main,
Teams-FAQ-Bot,90,2,3,66,0.02,0.03,0.73,main,C#_HTML_Batchfile_CSS_ASP.NET
cloud-custodian-policies,89,2,4,75,0.02,0.04,0.84,main,
ppr,86,2,46,141,0.02,0.53,1.62,main,HTML_Python_TypeScript_Vue_PLSQL_Makefile_SCSS_JavaScript_Dockerfile_Shell
registry-schemas,86,2,6,13,0.02,0.07,0.15,main,Python_Makefile_Shell
EDUC-PEN-REPLICATION-API,86,2,3,67,0.02,0.03,0.77,main,Java_Shell_Dockerfile
material-table,86,0,1,1573,0,0.01,18.29,master,JavaScript
aries-vcr-issuer-agency,85,5,3,38,0.06,0.04,0.44,main,TypeScript_HTML_Shell_JavaScript
GDX-Analytics-microservice,83,2,15,54,0.02,0.18,0.64,main,Python
nrm-ea-onboarding,82,2,1,90,0.02,0.01,1.09,master,JavaScript_Makefile_Shell_HCL_PowerShell_Dockerfile_HTML
dip-metadata-viewer,79,0,2,33,0,0.03,0.41,main,HTML_R
bc_dtm_testing,78,10,1,16,0.13,0.01,0.2,main,R
court-of-appeal,78,2,12,1336,0.03,0.15,16.93,main,JavaScript_CSS_Shell_Python_HTML_Dockerfile_Groovy
nr-rfc-processing,77,3,4,72,0.04,0.05,0.92,dev,Python_Batchfile
networkpolicy-migration-workshop,76,4,8,30,0.05,0.1,0.39,main,
MOH-IAM-Enrolment,76,2,15,55,0.03,0.2,0.72,main,TypeScript_HTML_JavaScript_SCSS_Shell_Dockerfile
nr-rfc-ensweather,76,4,9,207,0.05,0.12,2.7,dev,Python_Batchfile_PowerShell_Shell
representation-grant-app,76,2,69,1448,0.03,0.91,19,main,Vue_TypeScript_HTML_Python_Shell_SCSS_JavaScript_Dockerfile_Groovy
economic_recovery_indicators,75,2,0,53,0.03,0,0.7,main,HTML_R
geodock,75,0,3,65,0,0.04,0.86,master,Shell_Scheme_Dockerfile
Distributed-Leader-ToolKit,75,2,3,8,0.03,0.04,0.11,main,
access-to-technology,72,2,26,85,0.03,0.36,1.17,main,JavaScript_HTML_SCSS
Mautic-Openshift,71,2,13,111,0.03,0.18,1.55,main,Twig_CSS_HTML_JavaScript_Shell_Dockerfile_PHP
EDUC-FSA-ILR,70,2,1,3,0.03,0.01,0.04,main,
mds-startup-sample-project,69,2,1,91,0.03,0.01,1.3,master,JavaScript_Makefile_Shell_HCL_PowerShell_Dockerfile_HTML
citz-imb-sp-gdx-bif,68,2,25,8,0.03,0.36,0.12,main,TypeScript_JavaScript_HTML
discover-camping,62,2,4,20,0.03,0.06,0.32,main,JavaScript
smk-moh-mhsu,62,2,1,3,0.03,0.02,0.05,main,HTML_CSS_JavaScript
ised-business-banking-initiative,62,6,11,53,0.1,0.17,0.84,main,Shell_HTML_Groovy_JavaScript
dbutils,62,2,2,26,0.03,0.03,0.42,main,R
CCISS_ShinyApp,61,25,7,101,0.4,0.11,1.63,main,R_CSS_C++_JavaScript
moh-ldap-service,61,2,3,15,0.03,0.05,0.24,main,Java
eco-info,61,4,3,51,0.06,0.05,0.83,main,Python_R
EDUC-TRAX-NOTIFICATION-API,58,2,2,31,0.03,0.03,0.53,main,Java_Shell_Dockerfile
digital_talent,57,4,1,1,0.07,0.02,0.02,main,
moh-iam-sf,57,2,2,1,0.03,0.03,0.02,main,
SBC-AUTH-Service,56,2,1,1,0.04,0.02,0.02,main,
css-job-scheduling,56,2,2,1,0.04,0.04,0.02,master,C#_Shell
EDUC-GRAD-BATCH-GRADUATION-API,56,2,13,32,0.04,0.23,0.56,main,Java_PLSQL_TSQL
common-lib-vue,54,2,8,47,0.04,0.15,0.86,main,Vue_JavaScript_HTML
groundwater-level-review-report,49,2,1,9,0.04,0.02,0.18,main,R
identity-kit-configurations,49,2,3,1,0.04,0.06,0.02,main,
aps-testing,49,2,1,9,0.04,0.02,0.18,main,HCL_PureBasic_Shell_Python
jag-github-templates,46,2,1,1,0.04,0.02,0.02,main,
BCP-CMS,43,2,54,407,0.05,1.23,9.29,main,JavaScript_CSS_C#_Dockerfile_HTML_Shell_TypeScript
platform-services-edb-template,42,2,1,9,0.05,0.02,0.21,main,
jag-mail-it,41,2,19,20,0.05,0.46,0.49,main,Java_Dockerfile
EDUC-PEN-API-GATEWAY,38,2,0,15,0.05,0,0.38,main,Java_Shell_Dockerfile
mtc-scripts,36,2,4,29,0.05,0.11,0.79,master,Jinja
mhsu-broker,35,2,4,121,0.06,0.11,3.36,dev,JavaScript_HTML_Dockerfile_CSS
elmsd-workbc-comms,35,2,1,13,0.06,0.03,0.36,main,JavaScript_HTML_SCSS
nr-lidar-viewer,35,2,1,1,0.06,0.03,0.03,main,
vue-test-utils-helpers,34,0,1,17,0,0.03,0.49,bcgov,JavaScript
github-optimization,31,12,9,189,0.39,0.29,6.09,main,Go_Jupyter Notebook_TypeScript_JavaScript_Shell_Makefile_Dockerfile_HTML
cas-onboarding,28,0,5,5,0,0.17,0.17,main,
platform-services-requestron,26,2,1,5,0.07,0.04,0.19,main,JavaScript
dts-vc-issuer-service,24,13,53,233,0.52,2.13,9.34,dev,C#_TypeScript_SCSS_HTML_Shell_JavaScript_Dockerfile
platform-services-template,21,2,1,5,0.09,0.05,0.23,main,
nr-playbook,15,2,0,7,0.13,0,0.44,master,CSS_JavaScript_HTML_SCSS_Ruby
b2b-credential-manager,14,0,11,669,0,0.74,44.83,main,Java_Vue_JavaScript_Shell_Smarty_Handlebars_Dockerfile_HTML
platform-services-archeobot,14,2,1,1,0.13,0.07,0.07,main,
cas-payment-interface,13,2,0,4,0.14,0,0.29,master,C#_Shell_HTML
nr-flnr-ecas-processing,12,2,1,5,0.15,0.08,0.39,main,Python
PECSF,9,2,0,2,0.2,0,0.2,master,PHP_Blade_Shell
cmip6-BC-eval,9,3,1,3,0.3,0.1,0.3,main,HTML_R_CSS_JavaScript
bcregistry-sre,9,2,3,3,0.22,0.33,0.33,main,Shell_Dockerfile_HTML
jason-test-delete-me,8,2,2,3,0.22,0.22,0.33,main,
foi-flow,7,4,1,1,0.5,0.13,0.13,main,
EDUC-PEN-MYED-API,0,2,1,3,2.33,1.17,3.5,main,
