Repository,IssueTotalCount,PrTotalCount,CommitTotalCount,DaysOpen,AverageIssueCountPerDay,AveragePrCountPerDay,AverageCommitCountPerDay,DefaultBranchName
wqbc,104,56,778,2319,0.04,0.02,0.34,master
BC-Policy-Framework-For-GitHub,20,43,186,2246,0.01,0.02,0.08,master
bcgroundwater,19,14,256,2231,0.01,0.01,0.11,master
groundwater-levels-indicator,12,5,218,2231,0.01,0,0.1,master
ckanext-googleanalytics,0,6,105,2200,0,0,0.05,master
ckanext-hierarchy,0,6,36,2200,0,0,0.02,master
ckanext-ga-report,0,13,262,2200,0,0.01,0.12,master
EnvReportBC,3,3,87,2189,0,0,0.04,master
envreportutils,12,18,247,2189,0.01,0.01,0.11,master
CSB-eFile,0,1,7,2183,0,0,0,master
ckanext-bcgov,462,405,1429,2168,0.21,0.19,0.66,dev
bcmaps,51,45,720,2150,0.02,0.02,0.33,master
dbcrss,5,23,192975,2142,0,0.01,90.08,master
bc-laws-api,4,11,31,2092,0,0.01,0.01,master
rcaaqs,42,12,719,2072,0.02,0.01,0.35,master
ozone-caaqs-indicator,6,10,273,2072,0,0,0.13,master
pm25-caaqs-indicator,6,9,221,2072,0,0,0.11,master
esm-server,1,527,5061,1989,0,0.26,2.54,dev
datapusher,0,1,236,1981,0,0,0.12,master
ltema,2,1,6,1981,0,0,0,master
bearmon,2,2,9,1981,0,0,0,master
openconsult,7,4,27,1954,0,0,0.01,master
protected-lands-and-waters-indicator,4,5,187,1932,0,0,0.1,main
BCDevExchange-app,0,0,1042,1931,0,0,0.54,master
bc-population-indicator,3,4,183,1905,0,0,0.1,master
data-fp,12,56,220,1882,0.01,0.03,0.12,dev
nrs-sparx-automation,2,2,5,1878,0,0,0,master
playbook,0,4,259,1877,0,0,0.14,BCDev
govHackServiceCatalogue,0,2,3,1875,0,0,0,bcv1
guides,0,1,64,1874,0,0,0.03,bcv1
pages,0,2,140,1871,0,0,0.07,18f-pages
guides-template,0,2,271,1870,0,0,0.14,18f-pages
DBC-APIM,106,1,450,1870,0.06,0,0.24,master
cpf,67,33,513,1868,0.04,0.02,0.27,master
drivebc-webcam-api,2,1,3,1863,0,0,0,master
databc-web-map-services,4,2,6,1861,0,0,0,master
agile-guide,2,3,268,1857,0,0,0.14,18f-pages
digital-toolkit,16,56,424,1856,0.01,0.03,0.23,master
eba-guide,3,5,362,1855,0,0,0.2,18f-pages
bcdc-devops,3,5,19,1848,0,0,0.01,master
data-fp-features,5,22,79,1847,0,0.01,0.04,master
issue-aggregator,3,6,13,1847,0,0,0.01,master
api-specs,335,57,533,1821,0.18,0.03,0.29,master
DevEx-Roadmap,9,10,400,1799,0.01,0.01,0.22,18f-pages
interactive-infographic,8,11,82,1790,0,0.01,0.05,master
service-patterns,4,4,3,1787,0,0,0,master
piwik,0,2,23086,1777,0,0,12.99,master
Gov-2.0-Bootstrap-Skeleton,12,11,37,1748,0.01,0.01,0.02,master
ckan,0,19,15969,1737,0,0.01,9.19,2.5.5-bcgov
PMO-Database,2,1,1,1736,0,0,0,master
rems,45,18,333,1734,0.03,0.01,0.19,master
ckanext-geoview,0,2,115,1721,0,0,0.07,0.0.12-bcgov
agile-labor-categories,0,2,15,1721,0,0,0.01,gh-pages
FGDB-Standards-Tools,4,2,14,1707,0,0,0.01,master
ghg-emissions-indicator,3,6,147,1706,0,0,0.09,master
ols-devkit,136,58,130,1706,0.08,0.03,0.08,master
MyGovBC-core-server,0,1,51,1696,0,0,0.03,master
MyGovBC-core-client,0,1,291,1696,0,0,0.17,master
MyGovBC-core-headerFooterService,2,5,181,1696,0,0,0.11,master
MyGovBC-notification-server,42,44,725,1696,0.02,0.03,0.43,master
MyGovBC-widget-sharedservices-foodsafe,2,1,24,1696,0,0,0.01,master
MyGovBC-widget-info-template,2,1,10,1696,0,0,0.01,master
BCStats,5,4,22,1692,0,0,0.01,main
WES-engagement-states,25,3,131,1692,0.01,0,0.08,master
simple-R-shiny,16,5,136,1688,0.01,0,0.08,master
land-designations-indicator,4,2,203,1686,0,0,0.12,master
land-designations-shinyapp,26,11,280,1686,0.02,0.01,0.17,master
envreportbc-snippets,2,5,142,1682,0,0,0.08,master
climate-change-indicators-2015,3,2,42,1678,0,0,0.03,master
tire-recycling-indicator,4,2,25,1674,0,0,0.01,master
invasive-species-indicator,2,2,44,1672,0,0,0.03,master
update-VRI-volumes,4,2,10,1672,0,0,0.01,master
cccharts,41,8,398,1671,0.02,0,0.24,master
mygovbc,3,2,65,1668,0,0,0.04,master
WES-demographic-profile,4,1,7,1664,0,0,0,master
eDivorce,0,196,1861,1658,0,0.12,1.12,master
designatedlands,63,11,275,1657,0.04,0.01,0.17,master
mygovbc-nginx,2,1,46,1652,0,0,0.03,master
mygovbc-foodsafe-nginx,2,1,16,1652,0,0,0.01,master
water-quality-analysis,24,4,75,1645,0.01,0,0.05,master
SecurityAwareness,2,4,186,1645,0,0,0.11,master
MyGovBC-MSP,0,656,4592,1637,0,0.4,2.8,master
smtp-om-core,2,21,11,1636,0,0.01,0.01,master
schoolbus-orig,1,1,10,1630,0,0,0.01,master
schoolbus,5,597,1547,1630,0,0.37,0.95,master
burn-severity,5,2,9,1625,0,0,0.01,master
housing-data-visualization-project,7,1,83,1619,0,0,0.05,master
ckanext-openapiviewer,12,34,83,1618,0.01,0.02,0.05,master
BC-demography,6,1,32,1610,0,0,0.02,master
smtp-om-cas-common,4,38,3,1605,0,0.02,0,master
HelloSimon_Web,0,2,2,1604,0,0,0,master
slack-dev-bot-BCGov,2,1,9,1601,0,0,0.01,master
Mock-Server,2,7,8,1597,0,0,0.01,master
Swagger-Editor,3,6,11,1597,0,0,0.01,master
SchemaSpy,3,11,54,1597,0,0.01,0.03,master
streamflow-trends-on-multi-stats,0,2,12,1590,0,0,0.01,master
Swagger-Codegen-Extension,3,30,62,1587,0,0.02,0.04,master
career-survey,2,1,10,1568,0,0,0.01,master
mygovbc-foodsafe,2,1,29,1568,0,0,0.02,master
hets,3,1949,4456,1567,0,1.24,2.84,master
MyGovBC-MSP-Service,2,5,129,1560,0,0,0.08,master
gwa,58,2,108,1560,0.04,0,0.07,master
jxon,0,1,88,1556,0,0,0.06,master
batch-pdf-reports,3,2,12,1555,0,0,0.01,master
R-presentation,3,3,20,1548,0,0,0.01,master
tfrs,728,1016,2486,1547,0.47,0.66,1.61,release-1.6.24
fabric.js,0,1,3541,1547,0,0,2.29,master
MyGovBC-CAPTCHA-Service,5,11,133,1546,0,0.01,0.09,master
MyGovBC-CAPTCHA-Widget,5,12,98,1546,0,0.01,0.06,master
BCWaterDischargeAnalysis,3,6,105,1542,0,0,0.07,master
housing-data-challenge-ruby,8,7,175,1535,0.01,0,0.11,master
ligo-lib,15,17,218,1535,0.01,0.01,0.14,master
kapua,0,23,757,1533,0,0.02,0.49,develop
kura,0,2,3002,1531,0,0,1.96,develop
housing-data-challenge-exponentian,3,17,82,1527,0,0.01,0.05,master
housing-data-challenge-plot-scatter,3,5,18,1527,0,0,0.01,master
housing-data-challenge-plotly,4,3,54,1527,0,0,0.04,master
housing-data-challenge-foundry-spatial,4,5,115,1527,0,0,0.08,master
BCWaterDischargeAnalysis-SampleScripts,2,1,12,1518,0,0,0.01,master
Oahu-UI,0,2,287,1514,0,0,0.19,master
gwells,11,1777,8482,1513,0.01,1.17,5.6,release
oahu-api,0,3,8,1511,0,0,0.01,master
oahu-dbsrv,0,2,8,1511,0,0,0.01,master
kura-emulator,0,4,9,1510,0,0,0.01,master
chart-tool,0,1,391,1509,0,0,0.26,master
legacy-eao-inspections-ios,2,2,67,1506,0,0,0.04,master
epic-mobile-app-android,2,1,2,1506,0,0,0,master
moti-iot-challenges,3,2,21,1505,0,0,0.01,master
LTEM-sample-analyses,2,2,15,1501,0,0,0.01,master
moti-iot-poc,0,1,10,1500,0,0,0.01,master
sonarqube-openshift-docker,0,2,5,1497,0,0,0,master
navUnit,0,0,3,1480,0,0,0,master
tfrs-sonar-scanner,3,2,10,1479,0,0,0.01,master
dbc-kml-apps,11,22,184,1477,0.01,0.01,0.12,master
dbc-cms-vis,3,18,90,1472,0,0.01,0.06,gh-pages
tfrs-functional-test-runner,3,2,6,1471,0,0,0,master
SSD-methods,2,1,9,1464,0,0,0.01,master
csnr-dmod,2,104,223,1451,0,0.07,0.15,master
nrs-cmdb,21,33,72,1441,0.01,0.02,0.05,master
sbc-qsystem,17,331,875,1436,0.01,0.23,0.61,master
openshift-openjfx,0,1,54,1434,0,0,0.04,master
agile-sdlc,2,4,17,1426,0,0,0.01,master
eao-nginx,2,22,76,1421,0,0.02,0.05,master
mygovbc-bootstrap-theme,5,2,35,1420,0,0,0.02,master
angular-scaffold,12,20,165,1420,0.01,0.01,0.12,master
eao-parse-server,2,18,37,1419,0,0.01,0.03,master
eao-public,1,320,555,1416,0,0.23,0.39,dev
eao-public-consultation,2,1,3,1416,0,0,0,master
dbc-j2ee-template,2,1,13,1412,0,0,0.01,master
gw-licensing-transition-summary,3,9,262,1406,0,0.01,0.19,master
service-patterns-temp,3,1,11,1401,0,0,0.01,master
ligo,3,5,176,1400,0,0,0.13,master
FASSTX,3,2,48,1398,0,0,0.03,master
shinyhydat,5,10,87,1398,0,0.01,0.06,master
mem-admin,3,317,4520,1393,0,0.23,3.24,dev
mem-mmti,2,49,4223,1393,0,0.04,3.03,master
eao-geo-service,2,4,17,1392,0,0,0.01,master
mem-geo-service,2,4,30,1386,0,0,0.02,master
mem-nginx,2,9,50,1385,0,0.01,0.04,master
mem-mmti-public,4,348,741,1384,0,0.25,0.54,BCMI-V2
nifi-atlas,4,22,38,1384,0,0.02,0.03,master
namer,2,13,62,1380,0,0.01,0.04,master
bcgovr,38,24,605,1372,0.03,0.02,0.44,master
angular-scaffold-captcha,3,2,19,1370,0,0,0.01,master
agri-nmp,4,555,2800,1370,0,0.41,2.04,master
sm-bridge-service,2,3,38,1367,0,0,0.03,master
von,251,120,330,1364,0.18,0.09,0.24,master
bc-raster-roads,3,5,107,1357,0,0,0.08,master
IM-Report-GBears,2,1,30,1357,0,0,0.02,master
CANSIM-dataviewer,4,1,154,1356,0,0,0.11,master
prime-web,2,29,1643,1342,0,0.02,1.22,master
MyGovBC-ServiceProviderTools,2,1,32,1337,0,0,0.02,master
water-quality-analysis-northeastbc,3,3,59,1329,0,0,0.04,master
hydrolook,14,10,147,1322,0.01,0.01,0.11,master
TheOrgBook,314,576,2578,1310,0.24,0.44,1.97,master
openshift-postgresql-oracle_fdw,2,9,119,1309,0,0.01,0.09,master
NatureServe-GBPU-Ranking,2,1,6,1308,0,0,0,master
ocp-sso,261,59,165,1307,0.2,0.05,0.13,master
s2i-ruby-nodejs,2,1,18,1303,0,0,0.01,master
jekyll-barebones,2,9,20,1303,0,0.01,0.02,master
ckanext-galileo,0,1,6,1303,0,0,0,master
WES-NLP-tool,6,1,7,1301,0,0,0.01,master
HectaresBC,13,1,1,1300,0.01,0,0,master
bootstrap-theme,9,13,156,1293,0.01,0.01,0.12,master
quickstart,0,10,1754,1293,0,0.01,1.36,11.x
roadless-areas-indicator,6,4,195,1292,0,0,0.15,master
child-support-lookup-tool,2,5,8,1289,0,0,0.01,master
bcmapsdata,12,10,155,1280,0.01,0.01,0.12,master
drat,6,5,62,1279,0,0,0.05,gh-pages
fasstr,53,26,724,1269,0.04,0.02,0.57,master
openshift-solr,0,8,34,1266,0,0.01,0.03,master
von-connector,1,4,14,1266,0,0,0.01,master
von-network,46,94,425,1261,0.04,0.07,0.34,master
s2i-nginx,0,1,93,1261,0,0,0.07,master
getting_started_with_R,5,1,31,1259,0,0,0.02,master
WES-results-visualization,5,1,10,1251,0,0,0.01,master
nrts-prc-public,3,426,947,1246,0,0.34,0.76,master
forest-management-indicators,2,3,75,1245,0,0,0.06,master
gcpe-news-api-client,2,62,214,1240,0,0.05,0.17,master
ssdtools,112,68,698,1240,0.09,0.05,0.56,master
bcgov-data-science-resources,6,3,11,1238,0,0,0.01,master
Family-Protection-Order,2,82,537,1237,0,0.07,0.43,master
greenlight,76,187,835,1234,0.06,0.15,0.68,master
esm-admin,2,14,4616,1233,0,0.01,3.74,master
secure-image-android,4,5,209,1227,0,0,0.17,master
secure-image-ios,1,33,183,1227,0,0.03,0.15,master
jag-shuber-frontend,1,227,1895,1226,0,0.19,1.55,master
jag-shuber-api,0,123,919,1226,0,0.1,0.75,master
secure-image-api,1,17,285,1225,0,0.01,0.23,master
nrts-prc-api,3,248,453,1224,0,0.2,0.37,master
air-monitoring-visualization,4,1,27,1220,0,0,0.02,master
gcpe-news-media-proxy,2,49,110,1220,0,0.04,0.09,develop
nrts-prc-admin,3,396,918,1219,0,0.32,0.75,master
splunk-forwarder,2,1,113,1219,0,0,0.09,master
mobile-authentication-ios,6,6,19,1203,0,0,0.02,master
mobile-authentication-android,2,1,25,1203,0,0,0.02,master
mobile-authentication-js,2,1,1,1203,0,0,0,master
bc-aquifer-dashboard,30,4,178,1203,0.02,0,0.15,master
smk-legacy-ui,211,96,782,1197,0.18,0.08,0.65,master
smk-datastore,0,1,4,1192,0,0,0,master
gcpe-news-webapp,2,548,888,1191,0,0.46,0.75,develop
name-examination,891,382,900,1189,0.75,0.32,0.76,master
canwqdata,2,2,78,1184,0,0,0.07,master
shinyssdtools,56,30,332,1170,0.05,0.03,0.28,master
range-ios,19,147,595,1167,0.02,0.13,0.51,master
range-web,501,436,2635,1167,0.43,0.37,2.26,dev
indy-sdk,0,14,7495,1160,0,0.01,6.46,master
wqindex,6,3,638,1154,0.01,0,0.55,master
GDX-Analytics,2,332,1570,1150,0,0.29,1.36,master
http-did-auth-proxy,2,5,11,1148,0,0,0.01,master
jag-efiling-hub,2,25,166,1147,0,0.02,0.14,master
jag-efiling-frontend,2,209,887,1147,0,0.18,0.77,master
jag-efiling-api,2,50,304,1147,0,0.04,0.26,master
jag-lcrb-carla-public,3,3129,16809,1143,0,2.74,14.7,develop
gcpe-news-archive,2,12,20,1142,0,0.01,0.02,develop
did-auth-relying-party,3,4,19,1136,0,0,0.02,master
did-auth-extension,3,2,12,1135,0,0,0.01,master
eao-inspections-web,4,78,460,1129,0,0.07,0.41,master
GDX-Analytics-Looker-Snowplow-Web-Block,2,234,776,1119,0,0.21,0.69,master
grizzly-bear-IUCN-threats,2,2,31,1114,0,0,0.03,master
clus,33,119,2041,1105,0.03,0.11,1.85,master
clamav,3,7,21,1100,0,0.01,0.02,master
workforce-profile-tool,129,26,501,1097,0.12,0.02,0.46,master
mds,8,1707,2280,1092,0.01,1.56,2.09,develop
student-outcomes-dataviz,4,2,8,1091,0,0,0.01,master
msw-disposal-indicator,16,4,127,1090,0.01,0,0.12,master
namex-solr,2,4,21,1083,0,0,0.02,master
bc-hydrometric-dashboard,8,6,16,1080,0.01,0.01,0.01,master
Skeena-CE-Grizzly,2,1,10,1077,0,0,0.01,master
namex,23,1036,2237,1073,0.02,0.97,2.08,master
queue-management,9,561,2391,1073,0.01,0.52,2.23,master
GDX-Analytics-Looker-cfms_block,2,159,408,1072,0,0.15,0.38,master
moh-fpcare,0,79,533,1072,0,0.07,0.5,master
intro-to-tidyhydat-and-tidyverse,6,2,111,1072,0.01,0,0.1,master
field-inspection-app-ios,10,31,163,1069,0.01,0.03,0.15,master
field-inspection-app-android,2,2,2,1069,0,0,0,master
prime-session,2,3,33,1065,0,0,0.03,master
nbcclim,4,4,110,1065,0,0,0.1,master
gwa-ip-anonymity,6,10,39,1058,0.01,0.01,0.04,master
gwa-ui,5,33,275,1057,0,0.03,0.26,master
gwa-kong-endpoint,5,8,45,1057,0,0.01,0.04,master
dbc-pylib,2,34,106,1056,0,0.03,0.1,master
argg-api,9,13,41,1056,0.01,0.01,0.04,master
argg-ui,14,22,79,1056,0.01,0.02,0.07,master
ols-router,268,45,312,1055,0.25,0.04,0.3,dev
mwslds,2,38,250,1051,0,0.04,0.24,master
GDX-Analytics-Looker-Redshift_Admin_By_AWS,2,6,25,1051,0,0.01,0.02,master
devhub-signing-agent,7,40,224,1049,0.01,0.04,0.21,master
devhub-signing-api,3,35,352,1049,0,0.03,0.34,master
devhub-signing-web,9,56,247,1049,0.01,0.05,0.24,master
prime-oauth,2,1,8,1045,0,0,0.01,master
sp2s3,3,5,31,1035,0,0,0.03,master
kirk,3,51,209,1030,0,0.05,0.2,master
von-bc-registries-agent,75,207,883,1026,0.07,0.2,0.86,master
geometr,7,5,40,1023,0.01,0,0.04,master
SecNewsFeedReader,1,2,4,1022,0,0,0,master
env-moosetracker-android,2,4,17,1022,0,0,0.02,master
env-moosetracker-ios,5,5,29,1022,0,0,0.03,master
servicebc,2,2,1,1021,0,0,0,master
common-nodejs-utils,10,18,79,1020,0.01,0.02,0.08,master
gcpe-azure-sample,2,3,74,1020,0,0,0.07,master
representation-grant,2,39,368,1003,0,0.04,0.37,master
pssg-cscp-vsd,2,239,1010,1003,0,0.24,1.01,development
BCwebcheck,1,1,3,999,0,0,0,master
SecNewsFeedReader-Drupal,2,7,79,999,0,0.01,0.08,master
moh-oauth,2,1,1,996,0,0,0,master
smk,62,39,868,988,0.06,0.04,0.88,master
snow-dur-analysis,3,2,96,987,0,0,0.1,master
bcgov-sso-theme,1,5,13,982,0,0.01,0.01,master
smk-bcparks,6,7,39,981,0.01,0.01,0.04,qa
smk-moh,2,78,179,980,0,0.08,0.18,qa
RasterLandCover,2,1,2,978,0,0,0,master
gcpe-NRMS-frontend,2,36,37,978,0,0.04,0.04,develop
gcpe-NRMS-api,2,11,22,978,0,0.01,0.02,develop
jag-scheduling-hub,2,21,53,968,0,0.02,0.05,master
kq-ui,25,20,78,966,0.03,0.02,0.08,master
kq-api,2,11,54,966,0,0.01,0.06,master
sbc-mcap,2,2,267,959,0,0,0.28,master
scj-online-booking-system,3,1,3,954,0,0,0,master
ldf_drf_db_comments,2,4,15,953,0,0,0.02,master
range-api,65,196,1710,951,0.07,0.21,1.8,dev
devhub-app-web,683,887,2599,951,0.72,0.93,2.73,master
OCWA,146,173,1859,950,0.15,0.18,1.96,master
common-ui-components,1,4,14,943,0,0,0.01,master
repomountie,54,77,539,932,0.06,0.08,0.58,master
common-web-utils,19,34,73,932,0.02,0.04,0.08,master
spa-env-server,2,6,40,925,0,0.01,0.04,master
design-system,156,110,1150,924,0.17,0.12,1.24,master
bcgov-useR,4,8,42,923,0,0.01,0.05,master
bowron-ssn,2,2,25,918,0,0,0.03,master
scheduler,0,1,78,916,0,0,0.09,master
jag-pill-press-registry,2,292,750,915,0,0.32,0.82,master
gcpe-news-dashboard,2,397,424,911,0,0.44,0.47,develop
VON-ESB-DRS-Agent,6,23,69,905,0.01,0.03,0.08,master
smk-common-iac,2,2,15,901,0,0,0.02,master
aquifer-factsheets,3,2,99,897,0,0,0.11,master
von-agent-template,9,55,207,894,0.01,0.06,0.23,master
bcgov-rstats-public-presentations,4,10,114,892,0,0.01,0.13,master
ckanext-bcgov-disqus,0,2,4,889,0,0,0,dev
ckanext-bcgov-cli,2,3,6,889,0,0,0.01,dev
HunterDensity,2,1,16,888,0,0,0.02,master
HumanLivestockDensity,2,1,7,887,0,0,0.01,master
gcpe-hub-api,2,185,266,887,0,0.21,0.3,develop
entity,7141,128,1328,887,8.05,0.14,1.5,master
WEStblr,3,1,24,882,0,0,0.03,master
replication_health_check,1,16,42,877,0,0.02,0.05,master
EDUC-ECAS,7,59,596,874,0.01,0.07,0.68,master
bcgov-Shiny-deployment-paths,1,2,12,869,0,0,0.01,master
wqo_shuswap,2,2,87,868,0,0,0.1,master
hydrometric_stations,15,2,53,863,0.02,0,0.06,master
isb-rsi-courtsintegration,2,1,1,863,0,0,0,master
moh-common-styles,14,151,1050,862,0.02,0.18,1.22,master
SCJ-Online-Booking,2,16,368,859,0,0.02,0.43,master
aries-vcr,296,345,1577,857,0.35,0.4,1.84,master
bcdata,136,132,1013,856,0.16,0.15,1.18,master
mdms-nodejs-client,14,4,14,855,0.02,0,0.02,master
CHSP_dataviewer,4,2,7,854,0,0,0.01,master
EDUC-NGN,5,1,57,853,0.01,0,0.07,master
eagle-public,4,540,1853,853,0,0.63,2.17,develop
eagle-admin,5,717,2211,853,0.01,0.84,2.59,develop
eagle-api,3,656,1458,853,0,0.77,1.71,develop
gcpe-hub,2,56,127,846,0,0.07,0.15,develop
Caribou_disturb_TT,3,2,16,840,0,0,0.02,master
Caribou_Disturb_B,1,2,20,839,0,0,0.02,master
mdms-device-signout-api,2,2,10,835,0,0,0.01,master
mdms-device-signout-app,2,2,17,835,0,0,0.02,master
reggie,20,35,39,835,0.02,0.04,0.05,master
GB_Unreported,2,1,16,833,0,0,0.02,master
reggie-web,19,36,37,832,0.02,0.04,0.04,master
GB_Data,2,1,13,832,0,0,0.02,master
grizzly-bear-status-indicator,5,15,668,828,0.01,0.02,0.81,master
devhub-resources,20,29,116,826,0.02,0.04,0.14,master
GB_Mortality,2,1,19,821,0,0,0.02,master
teis-utilities,3,2,11,821,0,0,0.01,master
postman-bdd,0,1,184,821,0,0,0.22,master
wetlandmapR,20,12,26,820,0.02,0.01,0.03,master
chimp,2,5,11,820,0,0.01,0.01,master
FAIB,2,3,91,819,0,0,0.11,master
ckan-bcgov-terraform,2,2,6,818,0,0,0.01,dev
docker-clamav,0,2,53,817,0,0,0.06,master
foi-requests,7,82,554,817,0.01,0.1,0.68,master
pdfmagic,1,7,61,814,0,0.01,0.07,master
ts-rs-modis-snow,3,2,21,813,0,0,0.03,master
lear,18,1134,1268,812,0.02,1.4,1.56,master
sbc-pay,8,668,1446,812,0.01,0.82,1.78,development
sbc-auth,5,1552,2385,812,0.01,1.91,2.94,development
invasive-species-system-build,3,2,3,812,0,0,0,master
digital-gov,30,12,54,810,0.04,0.01,0.07,master
GB_DNA,2,1,2,805,0,0,0,master
GB_Salmon,1,1,2,803,0,0,0,master
data-stream,3,21,75,803,0,0.03,0.09,develop
popApp,5,1,68,800,0.01,0,0.08,master
air-zone-reports,5,5,122,798,0.01,0.01,0.15,master
bcgov-looker-snowplow,1,1,26,791,0,0,0.03,master
eao-inspections-evidence-locker,2,71,159,790,0,0.09,0.2,master
nr-messaging-service-showcase,3,111,291,790,0,0.14,0.37,master
nr-document-management-showcase,2,11,37,790,0,0.01,0.05,master
document-generation-showcase,2,62,263,790,0,0.08,0.33,master
FADM_Edit_Workflows,2,1,48,789,0,0,0.06,master
GDX-Analytics-Looker-Google-Block,2,34,89,787,0,0.04,0.11,master
GDX-Analytics-OpenShift-Snowplow-Gateway-Service,3,41,122,786,0,0.05,0.16,master
embc-ess,2,1123,3351,786,0,1.43,4.26,r1develop
statscan-taxdata-tidying,14,10,214,785,0.02,0.01,0.27,master
TransAction,3,128,243,784,0,0.16,0.31,master
Project-and-time-tracker,4,67,1003,784,0.01,0.09,1.28,master
moh-sitereg,2,222,967,783,0,0.28,1.23,master
landuseplanning-admin,3,46,1627,778,0,0.06,2.09,dev
landuseplanning-public,3,57,1403,778,0,0.07,1.8,dev
landuseplanning-api,2,29,845,778,0,0.04,1.09,dev
CaribouBC,7,6,186,777,0.01,0.01,0.24,master
imit-procurement-data-analysis,3,2,46,777,0,0,0.06,master
ckanext-sso,3,2,13,777,0,0,0.02,dev
ckan-ui,308,161,650,776,0.4,0.21,0.84,dev
smk-francophone,3,27,68,770,0,0.04,0.09,qa
csv-to-api,0,3,47,769,0,0,0.06,master
shinyrems,116,7,473,769,0.15,0.01,0.61,master
lngcanada-admin,3,2,864,768,0,0,1.12,master
lngcanada-api,2,5,401,768,0,0.01,0.52,master
lngcanada-public,3,42,1132,768,0,0.05,1.47,master
GDX-Analytics-Looker-theq_sdpr_block,2,23,57,763,0,0.03,0.07,master
jag-spd-spice,3,202,458,761,0,0.27,0.6,master
iamp-maven-resources,2,2,12,760,0,0,0.02,master
bcgov-data-science-cop,5,8,149,755,0.01,0.01,0.2,master
range-dashboard-ios,1,3,29,755,0,0,0.04,master
nr-get-token,72,199,1050,754,0.1,0.26,1.39,master
SharePoint_Solutions,0,1,11,750,0,0,0.01,master
bc-econ-status-indices,4,2,126,749,0.01,0,0.17,master
CITZ-IMB-SharePoint,18,56,140,749,0.02,0.07,0.19,master
realm-o-matic,44,45,45,749,0.06,0.06,0.06,master
jag-rsbc-carma,2,10,52,744,0,0.01,0.07,master
site-inspections-app-ios,1,0,0,744,0,0,0,
cas-ggircs,0,239,1403,742,0,0.32,1.89,develop
indy-email-verification,11,57,251,741,0.01,0.08,0.34,master
agri-dcbr,3,102,459,737,0,0.14,0.62,master
cas-docker-sqitch,0,1,4,737,0,0,0.01,master
lucy-web,510,483,2300,735,0.69,0.66,3.13,dev
iiwbook,7,68,221,733,0.01,0.09,0.3,master
mobile-starter-kit,11,3,24,728,0.02,0,0.03,master
Agile-Delivery-Process,7,3,47,727,0.01,0,0.06,master
flatfile-tools,3,2,287,726,0,0,0.4,master
cas-metabase,2,20,69,726,0,0.03,0.09,develop
GDX-Analytics-Drupal-Snowplow,2,7,42,721,0,0.01,0.06,master
healthgateway,3,2220,5736,716,0,3.1,8.01,dev
aqadvisories-eservice,2,6,272,715,0,0.01,0.38,master
sbc-common-components,4,210,338,715,0.01,0.29,0.47,master
bcdc-test,2,48,555,709,0,0.07,0.78,dev
pssg-cornet-dynamics,0,2,1,707,0,0,0,master
goshawk-ios,2,1,17,705,0,0,0.02,master
sae-workbench,16,24,6,700,0.02,0.03,0.01,master
Skeena_WB,2,1,1,700,0,0,0,master
cas-ggircs-metabase,0,6,18430,700,0,0.01,26.31,bcgov
cas-ggircs-metabase-builder,1,22,27,700,0,0.03,0.04,master
EDUC-UMU,10,43,1109,699,0.01,0.06,1.59,master
bc_snow_ops,0,1,330,698,0,0,0.47,master
ExchangeLabOps,8,60,371,697,0.01,0.09,0.53,master
pssg-cornet-dynamics-config,2,1,1,695,0,0,0,master
pssg-cornet-dynamics-queue-proc,2,1,3,695,0,0,0,master
EDUC-CAPS,3,2,453,694,0,0,0.65,master
sk_tda,3,2,8,693,0,0,0.01,master
eForWasteBC,1,3,12,691,0,0,0.02,master
rems2aquachem,0,1,60,688,0,0,0.09,master
api-guidelines,18,7,44,687,0.03,0.01,0.06,master
ckanext-edc-rss,2,1,7,686,0,0,0.01,master
recycling-indicator,2,4,182,686,0,0.01,0.27,master
iamp-email-service,2,14,56,685,0,0.02,0.08,master
iamp-mq-component,2,5,12,685,0,0.01,0.02,develop
gis-pantry,22,98,275,685,0.03,0.14,0.4,master
EDUC-DIGITALID-API,2,101,446,684,0,0.15,0.65,master
envair,6,2,83,681,0.01,0,0.12,master
bcca-payment-hub,3,31,37,679,0,0.05,0.05,master
von-oil-gas-poc,2,15,52,677,0,0.02,0.08,master
eagle-helper-pods,2,86,158,674,0,0.13,0.23,master
nr-email-microservice,2,17,55,674,0,0.03,0.08,master
pssg-cornet-dynamics-end2end-service,1,11,20,673,0,0.02,0.03,master
digital-lakes,2,1,1,672,0,0,0,master
nmp-arm,3,53,150,671,0,0.08,0.22,release
pssg-cornet-dynamics-queue-proc-rabbitmq,2,22,3,670,0,0.03,0,master
aries-vcr-issuer-controller,9,54,209,666,0.01,0.08,0.31,master
EDUC-CURRICWS,3,5,284,666,0,0.01,0.43,master
skeena-ogma-amendments-assessment,1,1,17,665,0,0,0.03,master
cas-shipit,3,133,150,664,0,0.2,0.23,master
forestry-quarterly-report,1,1,14,664,0,0,0.02,master
jrcc-document-access-libs,15,172,540,663,0.02,0.26,0.81,master
jag-isb-devorg,2,6,12,663,0,0.01,0.02,master
ranktrends,7,6,98,663,0.01,0.01,0.15,master
pssg-cordyn-management-console,2,1,1,659,0,0,0,master
pssg-cordyn-rabbitmq-interface-controller,2,18,11,659,0,0.03,0.02,master
AGOL_getMapFromApp,1,2,3,659,0,0,0,master
AGOL_getSizeFromGroup,1,2,6,659,0,0,0.01,master
FAIBOracle,2,1,60,658,0,0,0.09,master
forestDroughtTool,2,3,60,658,0,0,0.09,master
FAIBCompiler,2,1,76,658,0,0,0.12,master
FAIBBase,2,2,56,658,0,0,0.09,master
eagle-dev-guides,2,52,93,657,0,0.08,0.14,master
cloud-adoption-patterns,3,4,8,657,0,0.01,0.01,master
cas-postgres,4,87,300,657,0.01,0.13,0.46,develop
GDX-Analytics-Looker-Google-MyBusiness,2,14,33,652,0,0.02,0.05,master
eagle-reports,2,18,37,645,0,0.03,0.06,master
EDUC-ISFS,3,1,26,645,0,0,0.04,master
EDUC-STUDENTSUCCESS,3,7,35,645,0,0.01,0.05,master
vc-authn-oidc,44,82,308,644,0.07,0.13,0.48,master
iamp-apps-configs,2,5,8,643,0,0.01,0.01,master
bcparis-service,2,209,845,643,0,0.32,1.31,master
nr-showcase-devops-tools,3,16,50,642,0,0.02,0.08,master
nr-showcase-devops-tools-demo-sq,2,6,12,642,0,0.01,0.02,master
gatsby-source-matomo,3,15,35,642,0,0.02,0.05,master
jrcc-sample-app,2,6,3,639,0,0.01,0,master
rocketgate,5,9,38,639,0.01,0.01,0.06,master
gatsby-source-github-raw,2,14,54,636,0,0.02,0.08,master
native-species-rank-indicator,2,4,216,635,0,0.01,0.34,master
orgbook-configurations,19,80,244,635,0.03,0.13,0.38,master
cas-ggircs-ciip-2018-schema,4,37,41,632,0.01,0.06,0.06,develop
cas-ciip-portal,6,1611,5158,632,0.01,2.55,8.16,develop
fwben,138,16,12,631,0.22,0.03,0.02,master
drake-example,6,5,48,630,0.01,0.01,0.08,main
cas-pipeline,6,43,179,629,0.01,0.07,0.28,master
cas-metascript,2,3,199,629,0,0,0.32,master
bc-sans,4,3,22,628,0.01,0,0.03,master
ols-geocoder,203,36,133,628,0.32,0.06,0.21,dev
forageConversionTool,6,3,12,624,0.01,0,0.02,master
cas-ggircs-metabase-build,3,22,41,623,0,0.04,0.07,develop
aries-cloudagent-container,4,25,60,621,0.01,0.04,0.1,master
new2Q-reports,20,3,35,618,0.03,0,0.06,master
census_geography_bc,3,2,19,616,0,0,0.03,master
ols-util,3,13,30,616,0,0.02,0.05,dev
GDX-Analytics-Looker-Google-MyBusiness-ServiceBC,2,20,56,616,0,0.03,0.09,master
cas-ggircs-ciip-2018-extract,4,36,106,614,0.01,0.06,0.17,develop
common-hosted-email-service,2,89,445,614,0,0.14,0.72,master
bcparis-apps-configs,2,18,48,611,0,0.03,0.08,dev
bcws-psu-research,118,1,1355,611,0.19,0,2.22,master
eagle-common-components,2,1,3,611,0,0,0,master
searchgate,6,16,77,610,0.01,0.03,0.13,master
ocwa-file-scanner,2,1,14,609,0,0,0.02,master
EDUC-CURRI,2,2,28,608,0,0,0.05,master
url-filter-proxy,2,1,14,603,0,0,0.02,master
gitlab-keycloak-group-sync,2,1,50,603,0,0,0.08,master
asdm-postgres,2,2,57,603,0,0,0.09,master
git-sae-ops,2,3,1,603,0,0,0,master
digital-marketplace,2,1,7,602,0,0,0.01,master
von-bc-registries-agent-configurations,5,48,152,601,0.01,0.08,0.25,master
GDX-Analytics-Looker-CleanBC,2,7,19,593,0,0.01,0.03,master
law-society-demo,6,32,87,590,0.01,0.05,0.15,master
Skeena_ESI_Wetlands,2,1,2,590,0,0,0,master
cap-eagle-admin,2,15,1489,589,0,0.03,2.53,develop
cap-eagle-public,2,17,1174,589,0,0.03,1.99,develop
cap-eagle-dev-guides,2,11,93,589,0,0.02,0.16,master
cap-eagle-api,2,38,896,589,0,0.06,1.52,develop
ckanext-bcgov-schema,2,30,86,589,0,0.05,0.15,master
cap-eagle-helper-pods,2,41,116,589,0,0.07,0.2,master
EDUC-PASS,2,1,10,588,0,0,0.02,master
ds-cop-intro-to-r,5,13,162,587,0.01,0.02,0.28,master
moh-prime,4,1224,1701,582,0.01,2.1,2.92,develop
docugate,2,12,28,575,0,0.02,0.05,master
aries-cloudcontroller-node,7,14,59,574,0.01,0.02,0.1,master
fams3,2,524,2210,573,0,0.91,3.85,master
bcgov-r-geo-workshop,28,7,211,572,0.05,0.01,0.37,master
ExitSurveyAdmin,151,5,408,572,0.26,0.01,0.71,master
ppr-deprecated,576,351,463,569,1.01,0.62,0.81,master
mhr,1,0,0,569,0,0,0,
pssg-psd-css,2,57,146,567,0,0.1,0.26,master
moh-bcp,2,220,988,566,0,0.39,1.74,master
moh-address-validation,2,6,24,566,0,0.01,0.04,master
jag-cullencommission,1,1239,2789,562,0,2.2,4.96,master
Biodiversity_CC,2,1,3,560,0,0,0.01,master
telemetry,3,3,58,559,0.01,0.01,0.1,master
EDUC-KEYCLOAK-SOAM,2,267,760,558,0,0.48,1.36,master
popProjApp,2,2,17,558,0,0,0.03,master
hsdProj,3,1,12,558,0.01,0,0.02,master
GCS,3,1,25,558,0.01,0,0.04,master
Forester-Job-Placement,17,42,491,554,0.03,0.08,0.89,master
embc-ess-mod,2,321,1575,552,0,0.58,2.85,master
NRPTI,3,833,1110,552,0.01,1.51,2.01,master
dpdd-snippets,4,5,65,551,0.01,0.01,0.12,master
design-system-web-components,3,9,120,547,0.01,0.02,0.22,master
pipeline-bot,2,87,377,545,0,0.16,0.69,master
cass-api,1,13,517,544,0,0.02,0.95,master
cass-frontend,1,22,1075,544,0,0.04,1.97,master
bc-fwa-river-profiles,10,3,25,544,0.02,0.01,0.05,master
GDX-Analytics-Looker-SBC-Call-Centre,2,8,26,542,0,0.01,0.05,master
invasivesBC-mussels-iOS,7,170,554,540,0.01,0.31,1.03,master
eagle-mobile-inspections,2,29,70,539,0,0.05,0.13,develop
keycloak-group-extension,2,1,22,538,0,0,0.04,master
shinywqg,61,9,357,538,0.11,0.02,0.66,master
nr-metabase-showcase,2,2,9,537,0,0,0.02,master
tukey,2,4,7,533,0,0.01,0.01,master
CANSIM-retail-trade-shiny,4,2,41,533,0.01,0,0.08,master
issuer-kit,81,192,810,533,0.15,0.36,1.52,master
EDUC-STUDENT-API,2,108,465,533,0,0.2,0.87,master
EDUC-PEN-REQUEST-API,4,96,540,532,0.01,0.18,1.01,master
ols-geocoder-cpf-plugin,3,17,40,532,0.01,0.03,0.08,dev
cap-eagle-mobile-inspections,2,3,18,532,0,0.01,0.03,develop
HMCR,3,612,1238,531,0.01,1.15,2.33,master
common-document-generation-service,3,58,229,530,0.01,0.11,0.43,master
digital_marketplace,11,140,1874,530,0.02,0.26,3.53,development
EDUC-SOAM-API,2,27,253,525,0,0.05,0.48,master
sfts2s3,5,8,29,525,0.01,0.02,0.06,master
jag-dps,2,354,1052,523,0,0.68,2.01,master
PIMS,5,1096,1261,523,0.01,2.09,2.41,dev
namerequest,3,368,551,523,0.01,0.7,1.05,main
EDUC-STUDENT-ADMIN,2,550,1844,520,0,1.06,3.54,master
bcsnowdata,2,1,63,520,0,0,0.12,master
digital-policy,7,8,120,520,0.01,0.02,0.23,master
zeva,2,663,117,517,0,1.28,0.23,release-1.25.0
digital.gov.bc.ca,452,203,1308,515,0.88,0.39,2.54,develop
EDUC-INFRA-COMMON,2,91,734,513,0,0.18,1.43,master
digital-principles,23,6,26,512,0.04,0.01,0.05,master
offSiteTrees,2,2,6,511,0,0,0.01,master
Similkameen-WQOs,2,2,28,511,0,0,0.05,master
arcgis_hackers,3,2,31,510,0.01,0,0.06,master
AGOL-PullandPushMetadata,1,3,7,510,0,0.01,0.01,master
AGOL_UsageReport,1,1,2,509,0,0,0,master
bcdevexchange,14,80,275,506,0.03,0.16,0.54,master
MapRobot,1,1,2,506,0,0,0,master
eagle-minio-openshift,0,2,35,505,0,0,0.07,master
sae-virtual-display,2,24,165,505,0,0.05,0.33,develop
SBC_DivApps,4,96,107,504,0.01,0.19,0.21,master
design-research-guide,22,6,206,504,0.04,0.01,0.41,master
smk-tlink,161,36,251,504,0.32,0.07,0.5,develop
MPB-regeneration,3,2,70,498,0.01,0,0.14,master
citz-imb-sp-breadcrumbs,2,8,23,497,0,0.02,0.05,main
BCSC-SS,3,331,1492,497,0.01,0.67,3,dev
business-create-ui,3,195,251,497,0.01,0.39,0.5,main
citz-imb-sp-vdr,2,47,45,496,0,0.09,0.09,master
moose_lch,3,2,28,496,0.01,0,0.06,master
moh-soapui,2,1,7,495,0,0,0.01,master
jag-ceis-crdp-integration,2,1,1,495,0,0,0,master
bcdc2bcdc,1,10,139,492,0,0.02,0.28,dev
bcrs-utilities,2,3,4,492,0,0.01,0.01,master
EDUC-DOCUMENT-API,2,2,14,490,0,0,0.03,master
design-system-temporary,3,11,9,489,0.01,0.02,0.02,master
common-service-showcase,15,36,97,489,0.03,0.07,0.2,gh-pages
EDUC-COURSE-ACHIEVE-API,2,1,5,488,0,0,0.01,master
sbc-search,179,39,857,488,0.37,0.08,1.75,main
sdd-nifi,2,2,54,488,0,0,0.11,develop
bcrs-template-ui,2,1,14,485,0,0,0.03,master
EDUC-COURSE-ACHIEVEMENT-UI,2,11,34,478,0,0.02,0.07,master
zevtesthello,2,3,3,478,0,0.01,0.01,master
diputils,13,2,169,475,0.03,0,0.36,master
nr-arch,7,5,196,470,0.01,0.01,0.42,master
aporeto-demo-project,2,4,37,468,0,0.01,0.08,master
wqg_data,87,3,212,464,0.19,0.01,0.46,master
maltd,3,189,703,464,0.01,0.41,1.51,master
cap-information,2,12,16,462,0,0.03,0.03,master
rsbc-dmf,1,19,5,461,0,0.04,0.01,master
EDUC-curricdrpl,2,4,127,460,0,0.01,0.28,master
devops-credential-issuer,7,21,82,460,0.02,0.05,0.18,master
moh-iam,3,4,173,457,0.01,0.01,0.38,master
GDX-Analytics-Looker-CMSLite-Metadata,2,13,49,456,0,0.03,0.11,master
family-law-act-app,1,199,1283,456,0,0.44,2.81,master
wps,696,213,263,454,1.53,0.47,0.58,main
hosted-application-logging-performance-aggregation-services,2,6,40,453,0,0.01,0.09,master
common-components-wiki,2,43,98,453,0,0.09,0.22,master
common-logging,2,20,65,450,0,0.04,0.14,master
cas-helm,2,13,79,449,0,0.03,0.18,master
openshift-launchpad,2,40,7,449,0,0.09,0.02,master
gwater-report,6,4,66,448,0.01,0.01,0.15,master
wps-api,47,90,90,448,0.1,0.2,0.2,main
wps-web,5,171,147,448,0.01,0.38,0.33,main
cap-eagle-traffic-runner,2,7,21,447,0,0.02,0.05,master
cas-airflow,2,66,338,447,0,0.15,0.76,develop
moh-middleware-test,2,2,2,447,0,0,0,master
bcstats_ohcs_craigslist,17,1,337,446,0.04,0,0.75,master
jag-instrumentation,2,20,67,446,0,0.04,0.15,master
business-schemas,2,55,127,446,0,0.12,0.28,master
EDUC-SERVICES-CARD-API,2,19,135,443,0,0.04,0.3,master
aries-vcr-api-draft,1,0,0,436,0,0,0,
healthgateproxy,2,13,71,435,0,0.03,0.16,master
EDUC-PEN-DEMOG-API,3,20,158,435,0.01,0.05,0.36,master
business-filings-ui,2,194,982,434,0,0.45,2.26,main
RSBC-DataHub-API,3,73,570,433,0.01,0.17,1.32,master
jag-justin-courtlist-api,2,7,35,433,0,0.02,0.08,master
jag-ecrc,2,415,1946,433,0,0.96,4.49,master
Wetland_SkeenaESI_Monitoring,3,3,38,428,0.01,0.01,0.09,master
bcsc-sample-client,2,3,8,427,0,0.01,0.02,master
cloud-adoption-patterns-II,3,3,7,427,0.01,0.01,0.02,master
cloud-pathfinder,790,7,44,427,1.85,0.02,0.1,master
cloud-pathfinder-business-process,207,1,3,427,0.48,0,0.01,master
python_beginning,2,14,42,426,0,0.03,0.1,master
intro-to-r,2,2,52,425,0,0,0.12,master
dipr,6,6,23,425,0.01,0.01,0.05,master
metadata-curator,2,66,300,421,0,0.16,0.71,develop
nr-team-zero,2,1,6,419,0,0,0.01,master
citz-imb-sp-collectionnavigation,2,4,8,419,0,0.01,0.02,main
openshift-launchpad-fe-vue,2,3,7,418,0,0.01,0.02,master
openshift-launchpad-be-node,2,9,6,418,0,0.02,0.01,master
openshift-launchpad-fe-react,2,6,8,418,0,0.01,0.02,master
openshift-launchpad-be-python,2,2,6,418,0,0,0.01,master
citz-imb-sp-peoplepicker,2,3,21,415,0,0.01,0.05,master
elucidate,2,2,61,414,0,0,0.15,main
EDUC-HUB,2,2,15,413,0,0,0.04,master
EDUC-PROMETHEUS-GRAFANA,2,8,65,411,0,0.02,0.16,master
openshift-launchpad-deployment,2,9,30,411,0,0.02,0.07,master
helm-charts,2,14,303,408,0,0.03,0.74,master
EDUC-REPORT-API,2,29,78,407,0,0.07,0.19,main
workbc-sdd-map,1,1,2,406,0,0,0,master
a2a-trust-over-ip-configurations,2,48,154,404,0,0.12,0.38,master
citz-imb-sp-batchrestapi,2,3,6,404,0,0.01,0.01,master
common-components-catalogue,2,24,29,404,0,0.06,0.07,master
foi-report-download,2,34,139,404,0,0.08,0.34,master
common-services-team-library,3,12,43,401,0.01,0.03,0.11,master
zeebe-camunda,1,1,2,401,0,0,0,master
bcgov-python-presentations,2,3,40,401,0,0.01,0.1,master
cloud-guardrails,0,1,143,400,0,0,0.36,master
CC_Biodiversity_Refugia,2,1,6,400,0,0,0.01,master
GDX-Analytics-Looker-FOI,2,8,27,400,0,0.02,0.07,master
platform-services-status,5,32,160,399,0.01,0.08,0.4,master
cas-shelf,2,23,37,394,0.01,0.06,0.09,master
citz-imb-sp-utilities,6,9,130,393,0.02,0.02,0.33,master
HADF-Overview,8,58,293,393,0.02,0.15,0.74,master
bctw-api,3,5,355,392,0.01,0.01,0.9,master
openshift-notifications,3,15,9,391,0.01,0.04,0.02,master
bctw-ui,3,7,395,391,0.01,0.02,1.01,master
gdx-covid-19-dashboard,2,16,39,390,0.01,0.04,0.1,develop
covid19,27,2,5,389,0.07,0.01,0.01,master
epr,24,13,13,387,0.06,0.03,0.03,master
EDUC-RULE-ENGINE-API,2,53,103,386,0.01,0.14,0.27,main
cascade_border_data,3,1,15,386,0.01,0,0.04,master
spa-text-service,2,2,14,385,0.01,0.01,0.04,master
common-hosted-form-service,2,160,752,385,0.01,0.42,1.95,master
EDUC-LOAD-TEST,2,8,25,384,0.01,0.02,0.07,master
InvasivesBC-iOS,6,34,138,383,0.02,0.09,0.36,master
enhanced-travel-screening,4,145,154,380,0.01,0.38,0.41,master
bctw-db,3,2,40,380,0.01,0.01,0.11,master
ts-rs-modis-snow-perc-norm,3,2,17,379,0.01,0.01,0.04,master
bcrs-charts,2,3,8,378,0.01,0.01,0.02,master
essential-services-delivery,9,95,354,378,0.02,0.25,0.94,master
vc-visual-verifier,3,9,31,374,0.01,0.02,0.08,master
dts-esr-demo,2,21,34,373,0.01,0.06,0.09,master
dts-safe-entry-demo,2,16,39,372,0.01,0.04,0.1,master
namex-synonyms-api-py-client,3,11,12,371,0.01,0.03,0.03,master
EDUC-STUDENT-PROFILE-API,2,36,149,371,0.01,0.1,0.4,master
forum-api,2,6,19,371,0.01,0.02,0.05,master
ds-intro-to-r-2-day,10,24,288,371,0.03,0.06,0.78,master
Foreign-Farm-Workers-Permitting-System,0,53,148,369,0,0.14,0.4,master
EDUC-STUDENT-PROFILE-EMAIL-API,3,23,175,369,0.01,0.06,0.47,master
test-123,2,1,1,369,0.01,0,0,master
silviculture-ipc,1,115,488,366,0,0.31,1.33,master
secure-image-app,7,8,780,366,0.02,0.02,2.13,master
EDUC-STUDENT-PROFILE,2,88,358,366,0.01,0.24,0.98,master
platform-services-registry,231,152,714,365,0.63,0.42,1.95,master
supreme-court-viewer,2,159,755,362,0.01,0.44,2.08,master
EDUC-STUDENT-PROFILE-SAGA-API,3,36,204,362,0.01,0.1,0.56,master
bowron-ssn-openstars,4,0,5,358,0.01,0,0.01,master
servicescard-selfservice,4,6,23,358,0.01,0.02,0.06,master
jag-pcss,2,32,78,356,0.01,0.09,0.22,master
indy-tails-server,10,7,48,356,0.03,0.02,0.13,master
moh-eRx,2,37,337,355,0.01,0.1,0.95,dev
jag-bcsc-auth-service,3,12,39,355,0.01,0.03,0.11,master
forms-flow-ai,0,17,237,355,0,0.05,0.67,master
supreme-court-viewer-configurations,2,11,46,353,0.01,0.03,0.13,master
sdpr-orbeon,1,2,6,352,0,0.01,0.02,master
data-publication,5,24,312,352,0.01,0.07,0.89,master
platform-ops-argo-poc,8,5,3,351,0.02,0.01,0.01,master
dormant-site-reclamation-program,2,60,1603,350,0.01,0.17,4.58,develop
CITZ-IMB-playbook,8,14,203,349,0.02,0.04,0.58,master
CITZ-IMB-Capstone2020,2,72,269,349,0.01,0.21,0.77,master
moh-fpincome,2,76,276,348,0.01,0.22,0.79,master
common-forms-toolkit,2,168,594,343,0.01,0.49,1.73,master
service-analytics-guide,2,2,5,343,0.01,0.01,0.01,master
moh-keycloak-user-management,6,60,198,337,0.02,0.18,0.59,master
sae-docs-bridge,2,10,3,336,0.01,0.03,0.01,master
nr-dell-objectstore_admin,1,2,13,335,0,0.01,0.04,master
site-status-checker,2,5,34,335,0.01,0.01,0.1,master
jag-vips-client,2,32,66,334,0.01,0.1,0.2,master
EDUC-SERVICES-CARD-SAGA-API,1,2,10,334,0,0.01,0.03,master
startup-sample-project,3,41,157,331,0.01,0.12,0.47,master
STUDENTSUCCESS-V2.0,2,8,82,330,0.01,0.02,0.25,master
Wetlands_OperationalFactors_SkeenaEastESI,1,1,48,329,0,0,0.15,master
violation-dispute-form,2,99,1021,328,0.01,0.3,3.11,master
embc-eaf,2,59,171,328,0.01,0.18,0.52,develop
s2i-caddy-nodejs,2,3,12,327,0.01,0.01,0.04,master
containerization-and-cloud-economic-model,4,12,15,324,0.01,0.04,0.05,master
semantic_infer,2,3,27,323,0.01,0.01,0.08,master
jag-rsbc-digital-forms-vips-integration,2,126,373,323,0.01,0.39,1.15,master
jag-file-submission,16,1867,7047,320,0.05,5.83,21.99,master
cas-notebooks,2,3,2,317,0.01,0.01,0.01,master
bcregistry,2,1,2,316,0.01,0,0.01,main
IRIS,14,1,1,316,0.04,0,0,master
Protected-Area-Wetland-Assessment-By-Assessment-Area,1,1,14,316,0,0,0.04,master
community-air-quality-reports,2,1,9,315,0.01,0,0.03,master
EDUC-EDNET,3,3,92,313,0.01,0.01,0.29,master
figma,13,2,17,310,0.04,0.01,0.05,master
labour-force-survey-digest,10,8,151,303,0.03,0.03,0.5,master
nr-mals,2,139,372,302,0.01,0.46,1.23,master
cloud-iac,2,3,3,300,0.01,0.01,0.01,master
mobile-signing-service,17,14,685,299,0.06,0.05,2.29,master
nr-alm-ops,1,9,21,296,0,0.03,0.07,master
namex-payment-api-py-client,3,2,3,295,0.01,0.01,0.01,dev
bcwebmaps-options,7,21,548,289,0.02,0.07,1.89,master
moh-plr-fhir,3,1,35,280,0.01,0,0.12,master
CIT,3,659,2279,278,0.01,2.37,8.18,develop
moh-hnclient-v2-PoC,3,9,49,278,0.01,0.03,0.18,master
react-shared-components,15,392,802,274,0.05,1.43,2.92,master
EDUC-PEN-REG-BATCH-API,3,154,599,273,0.01,0.56,2.19,master
spring-boot-starters,4,23,99,272,0.01,0.08,0.36,master
Digital-Support-Team-Guidelines,4,1,9,272,0.01,0,0.03,master
tutorials,0,1,19654,268,0,0,73.21,master
EDUC-PEN-MATCH-API,3,35,264,266,0.01,0.13,0.99,master
smk-tradebc,3,4,2,264,0.01,0.02,0.01,master
epi.branch.sim,8,2,91,258,0.03,0.01,0.35,main
Watershed_SkeenaESI_Monitoring,3,1,3,257,0.01,0,0.01,master
workbc-small-grants,3,16,263,254,0.01,0.06,1.03,master
bcdc-smk,3,71,223,254,0.01,0.28,0.88,dev
CE_RipDist_AddingFireInsect,1,1,33,253,0,0,0.13,master
orgbook-api,2,9,82,253,0.01,0.04,0.32,main
Technology-Code-of-Practice,0,1,26,251,0,0,0.1,master
jag-isb-splunk-chatops,3,55,123,247,0.01,0.22,0.5,main
EDUC-forms,3,2,36,246,0.01,0.01,0.15,master
business-edit-ui,2,171,452,244,0.01,0.7,1.85,main
vue-shared-components,4,152,245,244,0.02,0.62,1,master
smk-cli,43,17,242,244,0.18,0.07,0.99,master
gwa-cli,6,21,156,243,0.02,0.09,0.64,master
api-serv-gw,3,2,1,241,0.01,0.01,0,master
bcrs-shared-components,3,51,167,239,0.01,0.21,0.7,master
citz-imb-sp-projectIntakeForm,3,3,13,238,0.01,0.01,0.05,master
agri-nmp-msa,3,3,55,237,0.01,0.01,0.23,master
workbc-wage-subsidy,3,32,306,233,0.01,0.14,1.31,master
hcap,0,343,333,230,0,1.49,1.44,master
EDUC-PEN-DEMOG-MIGRATION-API,3,6,131,229,0.01,0.03,0.57,master
entity-selection-tool,3,5,267,223,0.01,0.02,1.2,master
moh-iam-kong-keycloak,0,1,10,223,0,0,0.04,master
sheriff-scheduling,3,94,1141,222,0.01,0.42,5.13,master
biohubbc,6,244,215,218,0.03,1.12,0.98,dev
biohubbc-common-codes,4,16,31,218,0.02,0.07,0.14,dev
jason-test-123,3,1,26,218,0.01,0,0.12,master
MD10A1_MSLP_LDA,3,1,28,218,0.01,0,0.13,master
bcmoh-iam-integration-guide,3,1,35,217,0.01,0,0.16,master
sheriff-scheduling-configurations,3,30,102,216,0.01,0.14,0.47,master
ensemble-app-CMIP5,1,1,10,215,0,0,0.05,master
parks-adventure-mobile,3,47,234,215,0.01,0.22,1.09,integration
invasivesbc,389,314,356,215,1.8,1.46,1.65,dev
GDX-Analytics-Looker-DES-Reporting,3,11,31,215,0.01,0.05,0.14,master
moh-iam-kong-plugin,3,1,25,212,0.01,0,0.12,master
Interactive_topic_modeling,3,3,8,209,0.01,0.01,0.04,master
GCS_update,4,2,13,205,0.02,0.01,0.06,main
vue-scaffold,5,11,82,205,0.02,0.05,0.4,master
EDUC-MSDYN-COMMON,3,1,3,205,0.01,0,0.01,master
EDUC-PEN-SERVICES-API,3,46,200,204,0.01,0.22,0.98,master
bcrs-testing,3,5,7,204,0.01,0.02,0.03,master
FNDFAS,0,2,23,203,0,0.01,0.11,master
pssg-cscp-vsu,3,60,215,197,0.02,0.3,1.09,development
EDUC-STUDENT-COURSE_API,3,52,108,196,0.02,0.26,0.55,main
gwa-api,4,22,251,196,0.02,0.11,1.28,dev
EDUC-STUDENT-ASSESSMENT-API,3,25,59,196,0.02,0.13,0.3,main
EDUC-GRAD-TOOLS,3,12,37,196,0.02,0.06,0.19,main
EDUC-PEN-REG-AUTOMATION,3,0,172,196,0.02,0,0.88,main
GDX-Analytics-Looker-Maintenance,3,9,32,196,0.02,0.05,0.16,master
EDUC-GRAD-STUDENT-API,3,78,164,190,0.02,0.41,0.86,main
EDUC-GRAD-ADMIN,3,2,426,188,0.02,0.01,2.26,master
MOH-MSP-Enrolment,3,29,271,187,0.02,0.15,1.45,main
whse_2_agol,16,2,8,187,0.09,0.01,0.04,main
EDUC-GRAD-COURSE-API,3,27,66,184,0.02,0.15,0.36,main
issuer-kit-demo-verifier-chat,6,22,80,184,0.03,0.12,0.43,main
MoH-SAT,3,369,724,183,0.02,2.01,3.94,main
ddm-documents,3,1,4,183,0.02,0.01,0.02,main
BGC3D,1,1,11,183,0.01,0.01,0.06,main
ClimateApp_FLP,1,1,3,183,0.01,0.01,0.02,main
nr-designer-erstudio,3,1,5,182,0.02,0.01,0.03,main
EDUC-GRAD-SANDBOX-REPO,3,2,18,181,0.02,0.01,0.1,main
EDUC-GRAD-ASSESSMENT-API,3,19,44,180,0.02,0.11,0.24,main
von-bc-registries-audit,1,1,1,176,0.01,0.01,0.01,master
EDUC-GRAD-PROGRAM-MANAGEMENT-API,3,45,95,175,0.02,0.26,0.54,main
EDUC-GRAD-ALGORITHM-API,3,104,196,174,0.02,0.6,1.12,main
jag-document-utils,3,63,197,173,0.02,0.36,1.14,main
EDUC-GRAD-SCHOOL-API,3,36,69,170,0.02,0.21,0.4,main
patroni-postgres-container,4,3,19,170,0.02,0.02,0.11,master
EDUC-GRAD-PSI-API,3,14,27,167,0.02,0.08,0.16,main
smk-fap-bcfls,3,13,31,167,0.02,0.08,0.19,dev
smk-fap-fcb,3,98,375,167,0.02,0.59,2.24,dev
smk-fap-stcb,3,17,29,167,0.02,0.1,0.17,dev
geoserver_build,6,2,7,166,0.04,0.01,0.04,main
EDUC-GRAD-CODE-API,3,36,82,162,0.02,0.22,0.5,main
ofi-tools,3,10,70,162,0.02,0.06,0.43,dev
court-interpreter-scheduling,3,103,118,160,0.02,0.64,0.74,dev
tracks,4,12,18,160,0.02,0.07,0.11,main
tracks-devops,4,2,27,160,0.02,0.01,0.17,main
jag-pci-gateway,3,66,76,160,0.02,0.41,0.47,main
Wetland_Summary,3,1,3,154,0.02,0.01,0.02,main
sbc-maximus-services,3,1,50,154,0.02,0.01,0.32,main
mines-digital-trust,4,43,89,154,0.03,0.28,0.58,develop
EDUC-GRAD-GRADUATION-STATUS-API,3,41,78,148,0.02,0.28,0.52,main
cmip6-BC,12,9,60,148,0.08,0.06,0.4,main
EDUC-GRAD-GRADUATION-API,3,54,107,147,0.02,0.37,0.72,main
EDUC-GRAD-COMMON-API,3,43,77,147,0.02,0.29,0.52,main
moh-bcer,3,12,54,146,0.02,0.08,0.37,main
EDUC-SCHOOL-API,3,5,26,145,0.02,0.03,0.18,master
SSAF_FFH_Summary,1,1,48,145,0.01,0.01,0.33,main
safepaths,5,1,20,142,0.04,0.01,0.14,main
pssg-cscp-cpu,3,23,57,140,0.02,0.16,0.41,development
crt,4,347,8,140,0.03,2.47,0.06,master
EDUC-SLD-API,3,14,43,140,0.02,0.1,0.31,main
EDUC-PEN-TRAX-API,3,2,13,139,0.02,0.01,0.09,master
jag-lrb-web,3,33,116,138,0.02,0.24,0.84,main
NotifyBC,11,16,1070,136,0.08,0.12,7.86,main
SIMS,253,106,142,135,1.87,0.78,1.05,main
moh-maid,3,122,545,132,0.02,0.92,4.12,main
cas-airflow-upstream,0,4,11303,128,0,0.03,88.03,master
climate-disturbances,0,8,65,127,0,0.06,0.51,main
nr-fom-admin,2,10,63,125,0.02,0.08,0.5,master
aps-portal,2,12,540,125,0.02,0.1,4.3,dev
nr-fom-public,2,12,77,125,0.02,0.1,0.61,master
nr-fom-api,2,47,206,125,0.02,0.37,1.64,master
MOH-AOP-OOP,2,126,526,124,0.02,1.01,4.23,main
bc-data-literacy-self-assessment,0,1,124,124,0,0.01,1,master
streamflow-indicator,2,1,8,121,0.02,0.01,0.07,main
ccsummary-tahltan,2,1,2,112,0.02,0.01,0.02,main
MOH-BCP-Enrolment,2,12,61,106,0.02,0.11,0.57,main
moh-hnclient-v2,2,11,42,105,0.02,0.1,0.4,main
moh-hni-esb,2,6,38,105,0.02,0.06,0.36,main
ccsummary-FLP,2,1,9,105,0.02,0.01,0.09,main
jag-traffic-courts-online,2,109,535,104,0.02,1.04,5.12,main
jag-trafficcourts-partner,2,2,1,104,0.02,0.02,0.01,main
jag-trafficcourts-api,2,2,1,104,0.02,0.02,0.01,main
rocketchat,2,2,128,104,0.02,0.02,1.23,master
moh-external-api-protocol-mapper,2,1,15,101,0.02,0.01,0.15,main
performance,183,2,32,99,1.84,0.02,0.32,master
citz-imb-sp-aar,2,1,1,99,0.02,0.01,0.01,main
PSP,2,1,7,99,0.02,0.01,0.07,master
MOH-FPC-Enrolment,2,39,181,99,0.02,0.39,1.82,main
startup-sample-project-terraform-modules,2,1,12,98,0.02,0.01,0.12,master
Wetzinkwa,2,1,5,97,0.02,0.01,0.05,main
aries-vcr-client,3,7,37,97,0.03,0.07,0.38,main
Mautic-Subscription-App,2,19,447,96,0.02,0.2,4.64,main
EDUC-PEN-REPORT-GENERATION-API,2,15,85,96,0.02,0.16,0.88,main
smk-helms,2,5,24,96,0.02,0.05,0.25,master
orgbook-bc-client,6,6,31,95,0.06,0.06,0.33,main
orgbook-on-client,0,7,27,95,0,0.07,0.28,main
ets-cpf-ea-onboarding,2,1,89,92,0.02,0.01,0.96,master
citz-imb-sp-restapi,2,3,9,91,0.02,0.03,0.1,main
transportation-datascience-sandbox,2,1,4,90,0.02,0.01,0.04,main
smk-actions,2,6,35,89,0.02,0.07,0.39,main
jag-rsbc-nextcloud,2,1,4,89,0.02,0.01,0.04,main
Teams-FAQ-Bot,2,3,66,89,0.02,0.03,0.74,main
cloud-custodian-policies,2,4,75,89,0.02,0.04,0.84,main
ppr,2,46,141,86,0.02,0.53,1.63,main
registry-schemas,2,6,13,86,0.02,0.07,0.15,main
EDUC-PEN-REPLICATION-API,2,3,67,86,0.02,0.03,0.78,main
material-table,0,1,1573,85,0,0.01,18.39,master
aries-vcr-issuer-agency,5,3,38,85,0.06,0.04,0.45,main
GDX-Analytics-microservice,2,15,54,83,0.02,0.18,0.65,main
nrm-ea-onboarding,2,1,90,82,0.02,0.01,1.09,master
dip-metadata-viewer,0,2,33,79,0,0.03,0.42,main
bc_dtm_testing,10,1,16,78,0.13,0.01,0.2,main
court-of-appeal,2,12,1336,78,0.03,0.15,17.03,main
nr-rfc-processing,3,4,72,77,0.04,0.05,0.93,dev
networkpolicy-migration-workshop,4,8,30,76,0.05,0.1,0.39,main
MOH-IAM-Enrolment,2,15,55,76,0.03,0.2,0.72,main
nr-rfc-ensweather,4,9,207,76,0.05,0.12,2.72,dev
representation-grant-app,2,69,1448,75,0.03,0.91,19.12,main
economic_recovery_indicators,2,0,53,75,0.03,0,0.7,main
geodock,0,3,65,75,0,0.04,0.86,master
Distributed-Leader-ToolKit,2,3,8,75,0.03,0.04,0.11,main
access-to-technology,2,26,85,72,0.03,0.36,1.18,main
Mautic-Openshift,2,13,111,71,0.03,0.18,1.56,main
EDUC-FSA-ILR,2,1,3,70,0.03,0.01,0.04,main
mds-startup-sample-project,2,1,91,69,0.03,0.01,1.31,master
citz-imb-sp-gdx-bif,2,23,7,68,0.03,0.34,0.1,main
discover-camping,2,4,20,62,0.03,0.06,0.32,main
smk-moh-mhsu,2,1,3,62,0.03,0.02,0.05,main
ised-business-banking-initiative,6,11,53,62,0.1,0.18,0.85,main
dbutils,2,2,26,61,0.03,0.03,0.42,main
CCISS_ShinyApp,25,7,101,61,0.41,0.11,1.64,main
moh-ldap-service,2,3,15,61,0.03,0.05,0.24,main
eco-info,4,3,51,61,0.07,0.05,0.83,main
EDUC-TRAX-NOTIFICATION-API,2,2,31,58,0.03,0.03,0.53,main
digital_talent,4,1,1,57,0.07,0.02,0.02,main
moh-iam-sf,2,2,1,57,0.03,0.03,0.02,main
SBC-AUTH-Service,2,1,1,56,0.04,0.02,0.02,main
css-job-scheduling,2,2,1,56,0.04,0.04,0.02,master
EDUC-GRAD-BATCH-GRADUATION-API,2,13,32,56,0.04,0.23,0.57,main
common-lib-vue,2,8,47,54,0.04,0.15,0.86,main
groundwater-level-review-report,2,1,9,49,0.04,0.02,0.18,main
identity-kit-configurations,2,3,1,49,0.04,0.06,0.02,main
aps-testing,2,1,9,48,0.04,0.02,0.19,main
jag-github-templates,2,1,1,46,0.04,0.02,0.02,main
BCP-CMS,2,54,405,43,0.05,1.25,9.34,main
platform-services-edb-template,2,1,9,42,0.05,0.02,0.21,main
jag-mail-it,2,19,20,40,0.05,0.47,0.49,main
EDUC-PEN-API-GATEWAY,2,0,15,38,0.05,0,0.39,main
mtc-scripts,2,4,29,36,0.06,0.11,0.8,master
mhsu-broker,2,4,121,35,0.06,0.11,3.41,dev
elmsd-workbc-comms,2,1,13,35,0.06,0.03,0.37,main
nr-lidar-viewer,2,1,1,35,0.06,0.03,0.03,main
vue-test-utils-helpers,0,1,17,34,0,0.03,0.5,bcgov
github-optimization,12,8,187,30,0.39,0.26,6.12,main
cas-onboarding,0,5,5,28,0,0.18,0.18,main
platform-services-requestron,2,1,5,26,0.08,0.04,0.19,main
dts-vc-issuer-service,13,53,233,24,0.53,2.17,9.53,dev
platform-services-template,2,1,5,21,0.09,0.05,0.23,main
nr-playbook,2,0,7,15,0.13,0,0.46,master
b2b-credential-manager,0,11,669,14,0,0.76,46.32,main
platform-services-archeobot,2,1,1,14,0.14,0.07,0.07,main
cas-payment-interface,2,0,4,13,0.15,0,0.3,master
nr-flnr-ecas-processing,2,1,5,12,0.16,0.08,0.4,main
PECSF,2,0,2,9,0.21,0,0.21,master
cmip6-BC-eval,3,1,3,9,0.32,0.11,0.32,main
bcregistry-sre,2,3,3,8,0.23,0.35,0.35,main
jason-test-delete-me,2,2,3,8,0.24,0.24,0.35,main
foi-flow,2,1,1,7,0.27,0.13,0.13,main
EDUC-PEN-CONSUMER-API,2,1,3,0,5.31,2.65,7.96,main
